tenure,MonthlyCharges,TotalCharges,Contract,InternetService
35,49.2,1701.65,Month-to-month,DSL
15,75.1,1151.55,Month-to-month,Fiber optic
13,40.55,590.35,Two year,DSL
26,73.5,1905.7,Two year,DSL
1,44.55,44.55,Month-to-month,DSL
66,79.5,5196.1,Two year,DSL
1,19.8,19.8,Month-to-month,No
40,56.6,2379.1,Month-to-month,DSL
65,59.8,3808.2,Two year,DSL
60,80.55,4847.05,One year,DSL
5,59.9,287.85,Month-to-month,DSL
5,49.4,232.55,Month-to-month,DSL
2,50.95,123.05,Month-to-month,DSL
30,67.6,2000.2,Month-to-month,DSL
36,95.4,3474.2,Month-to-month,Fiber optic
55,69.05,3842.6,Two year,Fiber optic
31,84.75,2613.4,Month-to-month,Fiber optic
28,35.9,973.65,Month-to-month,DSL
16,18.95,326.8,Two year,No
6,20.15,130.5,Month-to-month,No
27,85.9,2220.1,One year,Fiber optic
58,25.3,1474.35,Two year,No
72,104.9,7732.65,Two year,Fiber optic
28,35.75,961.4,Month-to-month,DSL
40,85.05,3355.65,One year,Fiber optic
1,20.5,20.5,Month-to-month,No
5,80.0,412.5,Month-to-month,Fiber optic
1,69.2,69.2,Month-to-month,Fiber optic
12,105.3,1275.65,Month-to-month,Fiber optic
5,96.1,453.4,Month-to-month,Fiber optic
71,86.1,6045.9,Two year,DSL
3,76.95,228.4,Month-to-month,Fiber optic
30,19.65,655.85,Month-to-month,No
25,20.2,507.9,One year,No
52,24.55,1331.05,Two year,No
46,110.0,4874.8,One year,Fiber optic
9,70.5,597.9,Month-to-month,Fiber optic
19,86.85,1564.4,Month-to-month,Fiber optic
12,49.4,611.65,Month-to-month,DSL
45,98.7,4525.8,One year,Fiber optic
36,104.5,3684.95,Month-to-month,Fiber optic
38,95.1,3691.2,Month-to-month,Fiber optic
1,19.2,19.2,Month-to-month,No
10,98.5,1037.75,Month-to-month,Fiber optic
13,44.8,559.2,Month-to-month,DSL
18,82.0,1425.45,One year,DSL
37,45.4,1593.1,Two year,DSL
5,20.35,122,Month-to-month,No
11,74.95,815.5,Month-to-month,Fiber optic
64,99.15,6171.2,Month-to-month,Fiber optic
1,55.55,55.55,Month-to-month,DSL
37,92.5,3473.4,Month-to-month,Fiber optic
48,105.25,4997.5,Month-to-month,Fiber optic
20,94.55,1899.65,Month-to-month,Fiber optic
26,69.5,1800.05,Month-to-month,DSL
30,19.4,578.5,Two year,No
69,66.9,4577.9,Two year,DSL
63,89.4,5597.65,Two year,DSL
5,19.35,126.05,Month-to-month,No
39,20.45,790,Two year,No
4,101.7,364.55,Month-to-month,Fiber optic
60,101.15,6067.4,Two year,Fiber optic
19,103.3,2012.7,Month-to-month,Fiber optic
11,102.0,1145.35,Month-to-month,Fiber optic
31,99.95,3186.65,Month-to-month,Fiber optic
30,84.3,2438.6,Month-to-month,Fiber optic
53,24.6,1279,Two year,No
5,89.35,461.7,Month-to-month,Fiber optic
51,79.6,3974.7,One year,Fiber optic
71,89.3,6388.65,Two year,DSL
61,25.0,1498.35,Two year,No
8,74.5,606.55,Month-to-month,Fiber optic
10,54.95,568.85,Month-to-month,DSL
12,49.85,617.15,Month-to-month,DSL
66,63.85,4264.6,Month-to-month,DSL
24,60.45,1440.75,Month-to-month,DSL
4,56.5,235.1,Month-to-month,DSL
4,88.95,355.2,Month-to-month,Fiber optic
35,55.6,2016.45,One year,DSL
45,85.7,3778.1,Month-to-month,Fiber optic
65,110.0,7138.65,One year,Fiber optic
14,80.9,1152.8,Month-to-month,Fiber optic
61,50.7,3088.75,One year,DSL
68,80.35,5375.15,Two year,Fiber optic
23,57.75,1282.85,One year,DSL
55,81.55,4509.5,Month-to-month,Fiber optic
69,24.45,1718.2,Two year,No
7,81.25,580.1,Month-to-month,DSL
72,79.05,5730.7,Two year,Fiber optic
61,49.7,2961.4,One year,DSL
64,80.3,5017.7,One year,Fiber optic
32,93.2,2931,Month-to-month,Fiber optic
1,79.55,79.55,Month-to-month,Fiber optic
3,82.3,214.4,Month-to-month,Fiber optic
3,20.2,50.6,Month-to-month,No
72,84.4,6096.45,Two year,DSL
26,29.8,786.5,Month-to-month,DSL
39,100.45,3801.7,Two year,Fiber optic
1,19.55,19.55,Month-to-month,No
1,19.5,19.5,Month-to-month,No
56,88.9,4968,One year,Fiber optic
43,107.55,4533.9,One year,Fiber optic
1,25.4,25.4,Month-to-month,No
29,70.9,1964.6,One year,DSL
2,82.0,184.65,Month-to-month,Fiber optic
68,79.6,5461.45,One year,Fiber optic
67,89.55,6373.1,Month-to-month,Fiber optic
19,24.9,467.7,Two year,No
66,56.75,3708.4,Two year,DSL
4,29.05,129.6,Month-to-month,DSL
9,19.75,210.65,Two year,No
53,103.85,5485.5,Month-to-month,Fiber optic
23,19.5,470.2,Month-to-month,No
50,108.55,5610.7,One year,Fiber optic
2,74.95,151.75,Month-to-month,Fiber optic
59,20.35,1267,One year,No
63,83.5,5435,Two year,DSL
25,71.05,1837.7,Month-to-month,DSL
14,80.45,1072,Month-to-month,Fiber optic
65,67.05,4309.55,One year,DSL
69,56.55,3952.65,Two year,DSL
21,74.05,1565.7,Month-to-month,Fiber optic
43,91.25,4013.8,One year,Fiber optic
71,92.0,6585.2,One year,Fiber optic
19,25.35,566.1,Month-to-month,DSL
40,19.65,830.25,Two year,No
9,83.3,803.3,Month-to-month,Fiber optic
58,103.25,6017.65,One year,Fiber optic
1,19.9,19.9,Month-to-month,No
47,113.45,5317.8,One year,Fiber optic
58,84.3,4916.4,Two year,DSL
40,102.65,4108.15,Month-to-month,Fiber optic
41,68.6,2877.05,One year,DSL
67,100.9,6733.15,One year,Fiber optic
34,99.85,3343.15,One year,Fiber optic
3,19.1,53.05,Month-to-month,No
60,116.05,6925.9,Two year,Fiber optic
8,92.1,729.95,Month-to-month,Fiber optic
15,74.9,1107.25,Month-to-month,Fiber optic
68,102.1,7149.35,Two year,Fiber optic
71,25.45,1789.65,Two year,No
58,79.8,4526.85,Month-to-month,Fiber optic
2,19.2,37.2,Month-to-month,No
14,89.65,1208.35,Month-to-month,Fiber optic
71,20.9,1493.2,Two year,No
14,100.55,1415.55,Month-to-month,Fiber optic
6,50.95,307.6,Month-to-month,DSL
15,69.5,1071.4,Month-to-month,DSL
57,97.55,5598,One year,Fiber optic
66,61.15,4017.45,Two year,DSL
69,89.95,6143.15,Month-to-month,Fiber optic
68,55.9,3848.8,One year,DSL
56,94.8,5264.3,One year,Fiber optic
35,99.05,3395.8,Month-to-month,Fiber optic
43,56.15,2499.3,Month-to-month,DSL
31,66.4,2019.8,Month-to-month,DSL
33,58.45,1955.4,One year,DSL
1,69.35,69.35,Month-to-month,Fiber optic
44,100.1,4378.35,Two year,Fiber optic
57,53.45,3053,One year,DSL
70,64.95,4551.5,One year,DSL
1,20.55,20.55,Month-to-month,No
55,55.25,3119.9,Two year,DSL
29,94.45,2653.65,Month-to-month,Fiber optic
33,60.9,2033.85,Month-to-month,DSL
4,74.95,308.7,Month-to-month,Fiber optic
70,40.05,2799.75,Two year,DSL
35,25.6,901.25,Month-to-month,No
2,45.85,105.6,Month-to-month,DSL
10,89.8,914.3,Month-to-month,Fiber optic
1,74.6,74.6,Month-to-month,Fiber optic
31,20.4,609.1,Two year,No
30,90.5,2595.85,Month-to-month,Fiber optic
60,93.25,5774.55,Month-to-month,Fiber optic
72,66.85,4758.8,Two year,DSL
4,20.7,83.75,Month-to-month,No
4,69.55,284.9,Month-to-month,Fiber optic
25,99.5,2369.05,Month-to-month,Fiber optic
70,76.95,5289.8,Two year,DSL
1,20.45,20.45,Month-to-month,No
19,19.9,367.55,Month-to-month,No
1,19.5,19.5,Month-to-month,No
12,20.3,224.5,Two year,No
72,19.3,1414.8,Two year,No
2,20.3,41.2,Month-to-month,No
34,89.85,3091.75,Month-to-month,Fiber optic
37,40.55,1390.85,Two year,DSL
58,89.85,5125.75,One year,Fiber optic
1,45.55,45.55,Month-to-month,DSL
1,71.25,71.25,Month-to-month,Fiber optic
1,50.45,50.45,Month-to-month,DSL
72,68.15,4808.7,Two year,DSL
12,29.3,355.9,Month-to-month,DSL
2,19.5,31.55,Month-to-month,No
47,19.65,921.55,Two year,No
6,44.6,260.8,Month-to-month,DSL
60,53.6,3237.05,Two year,DSL
2,83.8,163.7,Month-to-month,Fiber optic
51,83.85,4307.1,Two year,DSL
72,109.55,7887.25,Two year,Fiber optic
72,85.25,6083.1,Two year,DSL
52,23.05,1255.1,Two year,No
71,93.2,6506.15,Two year,DSL
28,25.55,672.2,One year,No
71,46.35,3353.4,Two year,DSL
68,99.55,6668,Two year,Fiber optic
1,70.35,70.35,Month-to-month,Fiber optic
11,89.2,990.3,Month-to-month,Fiber optic
3,56.15,168.15,Month-to-month,DSL
61,103.3,6518.35,One year,Fiber optic
6,75.5,438,Month-to-month,Fiber optic
46,53.1,2459.8,Month-to-month,DSL
50,70.35,3533.6,Two year,Fiber optic
69,104.05,7262,One year,Fiber optic
38,85.4,3297,Two year,DSL
3,74.25,210.3,Month-to-month,Fiber optic
68,89.6,6127.6,Month-to-month,Fiber optic
25,20.8,460.2,Month-to-month,No
18,99.75,1836.25,Month-to-month,Fiber optic
7,85.2,602.55,Month-to-month,Fiber optic
65,59.95,3921.1,Two year,DSL
12,19.3,228.75,One year,No
1,24.8,24.8,Month-to-month,DSL
18,19.0,348.8,Month-to-month,No
64,85.0,5484.4,Two year,DSL
26,86.65,2208.75,Month-to-month,Fiber optic
4,89.6,365.65,Month-to-month,Fiber optic
71,54.5,3778.2,Two year,DSL
49,59.75,2934.3,Month-to-month,DSL
7,86.8,620.35,Month-to-month,Fiber optic
35,110.8,3836.3,One year,Fiber optic
1,70.3,70.3,Month-to-month,Fiber optic
6,89.3,577.6,Month-to-month,Fiber optic
25,90.4,2178.6,One year,Fiber optic
13,53.45,718.1,Month-to-month,DSL
9,54.55,494.05,Month-to-month,DSL
72,84.9,6065.3,Two year,DSL
22,78.65,1663.75,One year,DSL
33,80.6,2651.1,Two year,Fiber optic
18,58.4,964.9,Month-to-month,DSL
34,77.2,2753.8,One year,DSL
6,90.1,521.3,Month-to-month,Fiber optic
24,21.05,531.55,One year,No
15,93.35,1444.65,Month-to-month,Fiber optic
63,105.4,6713.2,Month-to-month,Fiber optic
4,69.35,261.65,Month-to-month,Fiber optic
66,70.85,4738.85,One year,DSL
42,20.35,869.9,Month-to-month,No
4,80.25,303.7,Month-to-month,Fiber optic
26,100.5,2599.95,Month-to-month,Fiber optic
39,81.9,3219.75,One year,Fiber optic
70,19.85,1328.35,Two year,No
3,55.15,159.15,Month-to-month,DSL
53,85.45,4517.25,Month-to-month,Fiber optic
2,45.0,89.75,Month-to-month,DSL
72,74.35,5237.4,Two year,DSL
72,64.8,4719.75,Two year,DSL
1,55.45,55.45,Month-to-month,DSL
48,78.9,3771.5,Two year,DSL
63,74.5,4674.55,Two year,DSL
72,24.1,1734.65,Two year,No
59,54.15,3116.15,Two year,DSL
29,35.6,1072.6,One year,DSL
57,59.3,3274.35,One year,DSL
30,110.45,3327.05,One year,Fiber optic
38,69.95,2657.55,Month-to-month,DSL
15,20.45,330.8,Month-to-month,No
71,99.65,6951.15,Month-to-month,Fiber optic
7,94.25,669,Month-to-month,Fiber optic
27,19.6,561.15,Two year,No
40,19.1,780.1,Two year,No
1,86.0,86,Month-to-month,Fiber optic
65,91.85,5940.85,Month-to-month,Fiber optic
1,81.1,81.1,Month-to-month,Fiber optic
1,44.1,44.1,Month-to-month,DSL
3,19.9,45.75,Month-to-month,No
29,99.05,2952.85,Month-to-month,Fiber optic
15,19.8,304.6,One year,No
70,79.7,5743.3,Two year,DSL
26,93.85,2381.55,Month-to-month,Fiber optic
35,96.75,3403.4,Month-to-month,Fiber optic
68,72.95,4953.25,Two year,DSL
1,74.9,74.9,Month-to-month,Fiber optic
1,20.25,20.25,Month-to-month,No
69,79.2,5420.65,Two year,Fiber optic
4,20.05,83.3,Month-to-month,No
31,72.45,2156.25,Month-to-month,DSL
58,108.85,6287.25,One year,Fiber optic
65,91.55,5963.95,Two year,DSL
51,69.75,3562.5,One year,DSL
1,19.1,19.1,Month-to-month,No
15,101.1,1504.05,Month-to-month,Fiber optic
52,50.95,2610.65,One year,DSL
1,25.15,25.15,Month-to-month,DSL
3,19.95,58.3,Month-to-month,No
13,54.8,731.3,Month-to-month,DSL
1,70.05,70.05,Month-to-month,Fiber optic
5,84.85,415.55,Month-to-month,Fiber optic
25,76.15,1992.95,Month-to-month,DSL
69,110.5,7455.45,Two year,Fiber optic
4,65.55,237.2,Month-to-month,DSL
3,20.4,63.15,Month-to-month,No
5,24.3,100.2,Month-to-month,DSL
4,80.1,336.15,Month-to-month,Fiber optic
16,78.75,1218.25,Month-to-month,Fiber optic
50,70.8,3478.15,One year,DSL
16,55.85,857.8,One year,DSL
49,95.4,4613.95,Month-to-month,Fiber optic
23,54.15,1312.45,Month-to-month,DSL
47,100.5,4707.1,Month-to-month,Fiber optic
22,48.8,1054.6,Month-to-month,DSL
64,113.35,7222.75,One year,Fiber optic
20,49.6,939.8,Month-to-month,DSL
51,84.2,4299.75,One year,Fiber optic
14,71.0,914,Month-to-month,Fiber optic
51,56.4,2928.5,One year,DSL
40,50.15,2058.5,Month-to-month,DSL
4,97.95,384.5,Month-to-month,Fiber optic
2,49.25,90.35,Month-to-month,DSL
55,77.75,4266.4,Month-to-month,Fiber optic
62,60.15,3753.2,Two year,DSL
2,54.45,87.3,Month-to-month,DSL
1,55.05,55.05,Month-to-month,DSL
11,89.7,1047.7,Month-to-month,Fiber optic
5,82.75,417.75,Month-to-month,Fiber optic
14,69.65,921.4,Month-to-month,DSL
70,98.7,6858.9,Two year,Fiber optic
71,25.0,1753,Two year,No
49,43.8,2106.05,Month-to-month,DSL
24,20.1,533.9,One year,No
41,65.0,2531.8,One year,DSL
13,29.15,357.15,Month-to-month,DSL
1,45.15,45.15,Month-to-month,DSL
54,72.1,3886.05,One year,DSL
7,69.95,529.5,Month-to-month,Fiber optic
72,72.1,5016.65,Two year,DSL
28,106.15,3152.5,Month-to-month,Fiber optic
5,50.95,229.4,Month-to-month,DSL
10,86.05,834.1,Month-to-month,Fiber optic
71,86.7,6179.35,One year,Fiber optic
68,38.9,2719.2,Two year,DSL
2,45.55,84.4,Month-to-month,DSL
54,115.6,6431.05,One year,Fiber optic
15,59.65,867.1,Month-to-month,DSL
3,29.2,98.5,Month-to-month,DSL
65,92.7,5968.4,Two year,Fiber optic
15,20.35,335.95,One year,No
30,94.4,2638.1,One year,Fiber optic
70,26.05,1856.4,One year,No
20,19.7,406.95,Two year,No
4,24.45,86.6,Month-to-month,DSL
63,80.3,4995.35,Two year,DSL
6,84.85,523.5,Month-to-month,Fiber optic
28,39.1,1096.6,One year,DSL
20,20.0,416.45,One year,No
3,64.4,195.65,Month-to-month,DSL
12,50.25,593.75,Month-to-month,DSL
5,40.0,223.45,Month-to-month,DSL
23,57.2,1423.35,One year,DSL
70,57.8,4039.3,Two year,DSL
65,72.45,4653.85,One year,DSL
72,83.3,6042.7,Two year,DSL
1,30.2,30.2,Month-to-month,DSL
34,40.55,1325.85,Two year,DSL
21,97.35,2119.5,Month-to-month,Fiber optic
19,89.35,1686.85,One year,Fiber optic
70,51.05,3635.15,One year,DSL
56,96.85,5219.65,Month-to-month,Fiber optic
1,55.7,55.7,Month-to-month,DSL
38,54.5,2076.05,Month-to-month,DSL
13,19.3,259.65,One year,No
46,101.0,4680.05,Month-to-month,Fiber optic
54,24.95,1364.75,Month-to-month,DSL
48,70.65,3545.05,Month-to-month,Fiber optic
68,89.05,6185.8,Two year,DSL
52,94.6,5025.8,Month-to-month,Fiber optic
71,24.75,1836.9,Two year,No
1,68.65,68.65,Month-to-month,Fiber optic
64,74.35,4759.55,Two year,DSL
46,44.95,2168.9,Month-to-month,DSL
11,90.15,987.95,Month-to-month,Fiber optic
53,61.1,3357.9,One year,DSL
2,20.05,39.25,Month-to-month,No
57,100.6,5746.15,Month-to-month,Fiber optic
43,55.45,2444.25,One year,DSL
44,20.05,845.25,Two year,No
71,66.8,4689.15,One year,DSL
30,44.5,1307.8,Month-to-month,DSL
20,20.65,417.5,One year,No
18,20.05,345.9,One year,No
34,71.55,2427.35,Month-to-month,Fiber optic
52,58.75,3038.55,Two year,DSL
66,108.1,7238.6,One year,Fiber optic
29,98.5,3004.15,Month-to-month,Fiber optic
41,79.9,3326.2,Month-to-month,DSL
69,75.75,5388.15,Two year,DSL
32,85.3,2661.1,Month-to-month,Fiber optic
9,70.05,657.5,Month-to-month,Fiber optic
2,29.85,75.6,Month-to-month,DSL
37,20.15,785.75,One year,No
39,47.85,1886.4,One year,DSL
8,86.55,649.65,Month-to-month,Fiber optic
5,20.55,99.45,One year,No
26,50.35,1277.5,Month-to-month,DSL
63,80.3,4896.35,Month-to-month,Fiber optic
58,100.4,5749.8,Month-to-month,Fiber optic
72,21.15,1419.4,Two year,No
64,70.2,4481,Two year,DSL
50,25.2,1306.3,One year,No
8,58.2,469.25,One year,DSL
1,78.65,78.65,Month-to-month,Fiber optic
6,70.55,433.95,Month-to-month,Fiber optic
65,82.5,5215.1,Two year,DSL
13,54.15,701.05,One year,DSL
47,109.55,5124.55,Month-to-month,Fiber optic
4,54.3,195.3,Month-to-month,DSL
51,24.95,1288,Two year,No
34,44.85,1442.6,Month-to-month,DSL
37,90.0,3371.75,Month-to-month,Fiber optic
8,90.25,743.75,Month-to-month,Fiber optic
39,99.95,3767.4,Month-to-month,Fiber optic
2,54.15,101.65,Month-to-month,DSL
2,20.35,41.85,Month-to-month,No
43,66.25,2907.35,Month-to-month,DSL
1,99.75,99.75,Month-to-month,Fiber optic
45,99.7,4634.35,Two year,Fiber optic
1,70.85,70.85,Month-to-month,Fiber optic
1,50.75,50.75,Month-to-month,DSL
30,85.45,2509.95,Month-to-month,Fiber optic
70,44.05,3011.65,One year,DSL
64,104.65,6889.8,One year,Fiber optic
18,25.1,428.45,Two year,No
37,19.8,726.1,Two year,No
72,65.5,4919.7,Two year,DSL
45,50.9,2333.85,Month-to-month,DSL
56,81.25,4620.4,Two year,DSL
31,84.85,2633.4,Month-to-month,Fiber optic
62,19.95,1244.8,One year,No
69,29.8,2134.3,One year,DSL
4,20.4,84.75,One year,No
66,19.95,1269.1,Two year,No
70,69.2,4872.35,Two year,DSL
72,105.75,7629.85,One year,Fiber optic
56,52.7,3019.7,One year,DSL
12,95.5,1115.15,One year,Fiber optic
1,70.75,70.75,Month-to-month,Fiber optic
41,114.5,4527.45,Month-to-month,Fiber optic
1,59.55,59.55,Month-to-month,DSL
13,19.65,244.8,One year,No
26,83.75,2070.6,Month-to-month,Fiber optic
16,79.5,1264.2,One year,Fiber optic
3,54.65,189.1,Month-to-month,DSL
58,70.1,4048.95,Two year,DSL
72,89.1,6352.4,Two year,DSL
56,21.2,1238.65,One year,No
1,69.65,69.65,Month-to-month,Fiber optic
33,53.75,1857.3,One year,DSL
13,93.8,1261,Month-to-month,Fiber optic
57,86.9,4939.25,One year,Fiber optic
18,74.8,1438.05,Month-to-month,Fiber optic
42,101.75,4273.45,Month-to-month,Fiber optic
32,72.8,2333.05,One year,DSL
34,20.8,635.9,Month-to-month,No
64,105.25,6823.4,Two year,Fiber optic
11,76.5,837.95,Month-to-month,Fiber optic
49,100.85,4847.35,Month-to-month,Fiber optic
23,83.8,1900.25,Month-to-month,Fiber optic
56,68.75,3808,One year,DSL
25,19.05,461.3,Month-to-month,No
8,43.35,371.4,Month-to-month,DSL
34,62.65,2274.9,Month-to-month,DSL
6,26.35,184.05,Month-to-month,No
23,104.05,2470.1,Month-to-month,Fiber optic
31,35.4,1077.5,Month-to-month,DSL
12,35.5,432.25,Month-to-month,DSL
4,80.15,319.85,Month-to-month,Fiber optic
63,100.55,6215.35,Month-to-month,Fiber optic
2,19.65,38.8,Month-to-month,No
71,20.5,1500.95,Two year,No
37,88.8,3340.55,Month-to-month,Fiber optic
1,45.15,45.15,Month-to-month,DSL
2,70.1,141.65,Month-to-month,Fiber optic
7,81.1,576.65,Month-to-month,Fiber optic
69,74.1,5031,Two year,DSL
19,78.25,1490.95,Month-to-month,Fiber optic
19,106.6,1934.45,Month-to-month,Fiber optic
72,87.1,6230.1,Two year,DSL
29,98.6,2933.2,Month-to-month,Fiber optic
3,45.0,127.1,Month-to-month,DSL
11,51.0,581.7,Month-to-month,DSL
33,59.45,1884.65,Month-to-month,DSL
72,97.7,6869.7,Two year,Fiber optic
5,20.05,94.15,Month-to-month,No
58,45.3,2651.2,Month-to-month,DSL
71,104.15,7365.3,Two year,Fiber optic
9,45.4,418.8,Month-to-month,DSL
1,50.1,50.1,Month-to-month,DSL
2,54.35,117.05,Month-to-month,DSL
37,20.35,697.65,Month-to-month,No
6,55.3,324.25,Month-to-month,DSL
24,66.3,1559.45,Month-to-month,DSL
54,87.1,4735.2,Two year,DSL
23,19.8,465.45,One year,No
18,78.55,1422.65,Month-to-month,Fiber optic
72,64.7,4746.05,Two year,DSL
53,84.6,4449.75,One year,DSL
24,78.6,1846.65,Two year,DSL
56,85.65,4824.45,Two year,DSL
23,99.85,2331.3,Month-to-month,Fiber optic
71,25.45,1813.35,Two year,No
1,45.3,45.3,Month-to-month,DSL
22,74.4,1692.6,Month-to-month,Fiber optic
57,20.55,1252.85,Two year,No
69,60.25,4055.5,Two year,DSL
57,104.5,5921.35,Month-to-month,Fiber optic
47,65.0,2879.9,Two year,DSL
15,20.0,288.05,Month-to-month,No
29,31.2,926.2,Month-to-month,DSL
26,26.0,684.05,One year,No
31,20.45,638.55,Two year,No
11,78.5,874.2,Month-to-month,Fiber optic
42,78.45,3373.4,Two year,DSL
67,54.2,3623.95,Two year,DSL
33,100.6,3270.25,Month-to-month,Fiber optic
8,19.8,160.05,One year,No
4,95.45,396.1,Month-to-month,Fiber optic
66,56.6,3789.2,Two year,DSL
56,94.45,5124.6,Month-to-month,Fiber optic
5,81.0,371.65,Month-to-month,Fiber optic
11,80.5,896.9,Month-to-month,Fiber optic
6,44.4,263.05,Month-to-month,DSL
36,19.45,754.5,Two year,No
1,80.55,80.55,Month-to-month,Fiber optic
40,80.8,3132.75,One year,Fiber optic
70,95.0,6602.9,One year,Fiber optic
44,85.25,3704.15,One year,DSL
5,81.0,389.6,Month-to-month,Fiber optic
17,19.55,280.85,One year,No
72,24.8,1874.3,Two year,No
24,56.35,1381.2,Month-to-month,DSL
41,104.7,4346.4,Month-to-month,Fiber optic
54,65.65,3566.7,Two year,DSL
4,24.1,73.1,One year,No
13,30.15,382.2,Month-to-month,DSL
72,26.25,1988.05,Two year,No
13,19.85,252,Month-to-month,No
1,20.65,20.65,Month-to-month,No
63,90.05,5817,One year,Fiber optic
21,104.4,2200.25,Month-to-month,Fiber optic
72,110.9,7922.75,Two year,Fiber optic
48,20.15,982.95,Two year,No
70,20.15,1411.2,Two year,No
72,100.9,7459.05,Two year,Fiber optic
19,56.2,1093.4,Month-to-month,DSL
35,86.45,3029.1,Month-to-month,Fiber optic
68,91.7,6424.7,Two year,DSL
4,86.05,308.1,Month-to-month,Fiber optic
44,90.65,3974.15,One year,Fiber optic
60,50.8,3027.4,Month-to-month,DSL
27,20.6,581.85,Two year,No
35,72.1,2495.15,One year,DSL
70,101.75,7069.3,One year,Fiber optic
2,69.0,147.8,Month-to-month,DSL
2,74.75,144.8,Month-to-month,Fiber optic
72,115.15,8349.7,Two year,Fiber optic
71,91.05,6293.75,Two year,DSL
66,105.0,7133.25,Month-to-month,Fiber optic
52,108.1,5839.3,Month-to-month,Fiber optic
53,65.0,3363.8,Month-to-month,DSL
66,79.85,5234.95,Two year,DSL
23,54.4,1249.25,Month-to-month,DSL
3,79.25,267.6,Month-to-month,Fiber optic
23,79.15,1676.95,Month-to-month,Fiber optic
59,50.25,2997.45,Month-to-month,DSL
60,104.95,6236.75,Month-to-month,Fiber optic
66,103.1,6595,Month-to-month,Fiber optic
15,65.6,1010,One year,DSL
60,89.9,5450.7,Month-to-month,Fiber optic
46,104.4,4904.2,Two year,Fiber optic
45,89.3,4016.85,Month-to-month,Fiber optic
44,54.05,2375.2,Two year,DSL
46,99.8,4391.25,Month-to-month,Fiber optic
13,24.5,343.6,One year,No
69,114.35,7665.8,Two year,Fiber optic
1,74.4,74.4,Month-to-month,Fiber optic
7,95.35,660.9,Month-to-month,Fiber optic
71,58.25,4145.9,Two year,DSL
27,19.55,520.55,Two year,No
64,74.65,4869.35,Month-to-month,DSL
69,81.5,5553.25,Two year,DSL
1,20.2,20.2,Month-to-month,No
33,73.9,2405.05,One year,DSL
1,34.7,34.7,Month-to-month,DSL
20,107.05,2172.05,Month-to-month,Fiber optic
12,112.95,1384.75,Month-to-month,Fiber optic
10,73.55,693.3,One year,DSL
44,109.8,4860.35,One year,Fiber optic
13,31.65,389.95,Month-to-month,DSL
56,19.95,1126.75,One year,No
2,95.85,197.7,Month-to-month,Fiber optic
17,94.2,1608.15,Month-to-month,Fiber optic
22,54.45,1127.35,Month-to-month,DSL
51,111.5,5703.25,One year,Fiber optic
6,55.7,335.65,Month-to-month,DSL
1,95.6,95.6,Month-to-month,Fiber optic
9,79.55,718.55,Month-to-month,Fiber optic
29,101.45,2948.6,Month-to-month,Fiber optic
1,45.6,45.6,Month-to-month,DSL
49,61.75,3024.15,Month-to-month,DSL
8,44.65,369.15,Month-to-month,DSL
9,79.55,723.4,Month-to-month,Fiber optic
41,86.2,3339.05,One year,Fiber optic
6,50.8,288.05,Month-to-month,DSL
33,103.7,3467,One year,Fiber optic
39,19.75,757.95,Two year,No
1,50.55,50.55,Month-to-month,DSL
13,73.35,931.55,Month-to-month,DSL
22,96.7,2082.95,Month-to-month,Fiber optic
55,100.15,5409.75,One year,Fiber optic
3,80.5,232.35,Month-to-month,Fiber optic
51,47.85,2356.75,One year,DSL
52,53.75,2790.65,One year,DSL
30,40.35,1187.05,One year,DSL
40,25.25,1006.9,Two year,No
14,85.15,1139.2,Month-to-month,Fiber optic
41,45.2,1841.9,Month-to-month,DSL
43,40.45,1912.85,Month-to-month,DSL
72,85.15,6316.2,Two year,DSL
28,50.8,1386.8,One year,DSL
68,84.4,5746.75,Two year,Fiber optic
62,110.8,6840.95,One year,Fiber optic
1,44.4,44.4,Month-to-month,DSL
62,96.75,6125.4,One year,Fiber optic
39,24.2,914.6,One year,No
1,70.7,70.7,Month-to-month,Fiber optic
2,76.4,160.8,Month-to-month,DSL
71,93.7,6585.35,Two year,Fiber optic
3,50.65,151.3,Month-to-month,DSL
50,82.5,4179.1,One year,DSL
21,80.9,1714.95,One year,DSL
8,65.45,554.45,Month-to-month,DSL
17,85.45,1451.6,Month-to-month,Fiber optic
45,24.7,1174.35,One year,No
4,50.9,225.6,Month-to-month,DSL
67,50.95,3521.7,Two year,DSL
3,34.25,139.35,Month-to-month,DSL
61,94.35,5703,Two year,Fiber optic
64,81.25,5567.55,One year,DSL
22,19.6,422.5,One year,No
4,55.9,238.5,Month-to-month,DSL
52,80.85,4079.55,One year,DSL
49,101.55,5070.4,Month-to-month,Fiber optic
53,108.95,5718.2,One year,Fiber optic
17,19.9,329.75,One year,No
65,70.95,4555.2,One year,Fiber optic
34,105.1,3634.8,Month-to-month,Fiber optic
3,94.6,279.55,Month-to-month,Fiber optic
9,19.85,178.8,Month-to-month,No
70,45.25,3264.45,One year,DSL
72,115.8,8476.5,Two year,Fiber optic
40,60.3,2448.5,One year,DSL
58,71.1,4299.2,One year,DSL
3,29.7,91.7,Month-to-month,DSL
1,50.75,50.75,Month-to-month,DSL
48,26.3,1245.05,Two year,No
25,99.3,2513.5,Two year,Fiber optic
49,107.95,5293.2,Two year,Fiber optic
9,74.25,639.65,Month-to-month,Fiber optic
15,101.75,1669.4,Month-to-month,Fiber optic
66,74.6,4798.4,Two year,DSL
58,105.2,6225.4,One year,Fiber optic
43,71.9,3173.35,One year,DSL
43,64.85,2908.2,One year,DSL
47,75.45,3545.1,Month-to-month,Fiber optic
56,106.8,5914.4,One year,Fiber optic
72,48.9,3527,Two year,DSL
16,75.1,1212.85,Month-to-month,Fiber optic
68,64.1,4326.25,Two year,DSL
15,20.55,295.95,One year,No
66,54.65,3632,Two year,DSL
3,80.4,224.05,Month-to-month,Fiber optic
72,109.7,8129.3,Two year,Fiber optic
27,20.35,531.6,Two year,No
3,19.65,60.65,Month-to-month,No
22,79.35,1730.35,Month-to-month,Fiber optic
58,65.25,3791.6,Month-to-month,DSL
72,23.3,1623.15,One year,No
32,104.05,3416.85,One year,Fiber optic
9,65.6,593.3,One year,DSL
8,56.3,401.5,Month-to-month,DSL
5,70.0,347.4,One year,DSL
39,20.15,826,Two year,No
24,79.85,2001,Month-to-month,Fiber optic
23,24.35,538.5,One year,No
8,85.2,695.75,Month-to-month,Fiber optic
55,64.2,3627.3,One year,DSL
1,68.5,68.5,Month-to-month,Fiber optic
23,60.0,1347.15,One year,DSL
4,91.65,365.4,Month-to-month,Fiber optic
54,94.1,5060.9,One year,Fiber optic
65,95.45,6223.3,Month-to-month,Fiber optic
39,25.25,947.75,One year,DSL
51,111.55,5720.35,One year,Fiber optic
16,63.05,1067.05,Month-to-month,DSL
37,95.15,3532.85,Month-to-month,Fiber optic
59,76.45,4519.5,Two year,DSL
48,104.5,5068.05,Month-to-month,Fiber optic
65,74.8,4820.15,Two year,DSL
24,19.9,533.5,One year,No
8,66.05,574.5,Month-to-month,DSL
22,78.85,1600.25,Month-to-month,Fiber optic
10,62.25,612.95,Month-to-month,DSL
65,109.15,6941.2,Month-to-month,Fiber optic
23,90.15,2044.95,Month-to-month,Fiber optic
27,53.45,1461.45,Month-to-month,DSL
24,20.45,527.35,One year,No
1,48.6,48.6,Month-to-month,DSL
63,99.7,6330.4,Two year,Fiber optic
60,60.5,3694.45,Two year,DSL
31,49.85,1520.1,Two year,DSL
72,53.65,3784,Two year,DSL
22,20.25,488.25,One year,No
7,64.95,493.65,Month-to-month,DSL
4,45.25,155.35,Month-to-month,DSL
5,25.45,134.75,Month-to-month,No
23,79.1,1783.75,Month-to-month,Fiber optic
8,19.6,125,Two year,No
9,69.05,651.5,Month-to-month,Fiber optic
23,95.1,2326.05,Month-to-month,Fiber optic
72,69.85,5102.35,Two year,DSL
25,70.95,1767.35,Month-to-month,Fiber optic
15,30.2,469.65,Month-to-month,DSL
7,54.85,370.4,Month-to-month,DSL
1,53.55,53.55,Month-to-month,DSL
7,95.6,644.35,Month-to-month,Fiber optic
48,99.7,4977.2,One year,Fiber optic
69,108.75,7493.05,One year,Fiber optic
56,104.55,5794.65,One year,Fiber optic
3,79.9,260.9,Month-to-month,Fiber optic
40,67.45,2731,Month-to-month,DSL
6,19.55,124.45,Two year,No
61,106.6,6428.4,Two year,Fiber optic
1,86.05,86.05,Month-to-month,Fiber optic
27,55.45,1477.65,One year,DSL
43,86.45,3574.5,Two year,DSL
20,61.6,1174.35,Month-to-month,DSL
17,92.6,1579.7,Month-to-month,Fiber optic
6,69.1,435,Month-to-month,Fiber optic
41,35.45,1391.65,One year,DSL
1,79.9,79.9,Month-to-month,Fiber optic
1,69.6,69.6,Month-to-month,Fiber optic
13,25.15,331.85,Month-to-month,DSL
52,105.0,5426.85,One year,Fiber optic
5,50.55,244.75,Month-to-month,DSL
72,90.6,6441.85,Two year,DSL
25,54.1,1373,Month-to-month,DSL
66,104.55,6779.05,One year,Fiber optic
56,24.8,1424.2,Two year,No
6,99.95,547.65,Month-to-month,Fiber optic
60,59.85,3590.2,Two year,DSL
48,99.0,4744.35,One year,Fiber optic
27,54.75,1510.3,Month-to-month,DSL
72,106.1,7548.6,Two year,Fiber optic
38,66.15,2522.4,Month-to-month,DSL
4,100.2,420.2,Month-to-month,Fiber optic
4,19.55,68.8,Two year,No
42,94.45,3923.8,One year,Fiber optic
46,94.9,4422.95,One year,Fiber optic
40,42.35,1716.45,One year,DSL
31,81.15,2545.75,One year,DSL
30,107.5,3242.5,Month-to-month,Fiber optic
13,65.85,902.25,Month-to-month,DSL
14,19.65,228.65,One year,No
10,19.3,185.2,One year,No
30,69.1,2093.9,Two year,DSL
35,91.0,3180.5,Month-to-month,Fiber optic
32,79.25,2619.15,One year,Fiber optic
2,75.7,189.2,Month-to-month,Fiber optic
35,19.9,666,One year,No
27,100.75,2793.55,Month-to-month,Fiber optic
72,24.75,1859.1,Two year,No
1,19.2,19.2,Month-to-month,No
1,43.95,43.95,Month-to-month,DSL
64,100.3,6603.8,One year,Fiber optic
19,56.1,1033.9,Month-to-month,DSL
4,49.4,184.4,Month-to-month,DSL
1,69.6,69.6,Month-to-month,Fiber optic
34,65.0,2157.5,Month-to-month,DSL
72,49.2,3580.95,Two year,DSL
70,116.55,8152.3,Two year,Fiber optic
66,66.9,4370.25,Two year,DSL
69,108.4,7318.2,Two year,Fiber optic
15,64.85,950.75,One year,DSL
70,111.15,7737.55,Two year,Fiber optic
66,25.15,1683.6,Two year,No
42,84.65,3541.35,Month-to-month,Fiber optic
3,80.7,239.45,Month-to-month,Fiber optic
31,103.45,3066.45,One year,Fiber optic
42,54.75,2348.45,One year,DSL
3,98.7,293.65,Month-to-month,Fiber optic
63,20.5,1328.15,One year,No
50,20.55,1067.65,Two year,No
1,69.9,69.9,Month-to-month,Fiber optic
64,96.9,6314.35,One year,Fiber optic
17,64.8,1175.6,One year,DSL
48,55.8,2651.2,One year,DSL
38,60.0,2193.2,Two year,DSL
15,55.2,864.55,One year,DSL
28,70.4,1992.2,One year,Fiber optic
72,111.95,8033.1,Two year,Fiber optic
42,48.15,2032.3,Two year,DSL
1,20.5,20.5,Month-to-month,No
31,86.55,2697.4,Month-to-month,Fiber optic
44,30.35,1359.7,Month-to-month,DSL
11,53.8,651.55,One year,DSL
6,55.0,340.4,Month-to-month,DSL
68,101.35,7110.75,One year,Fiber optic
62,81.45,4983.05,One year,Fiber optic
21,103.9,2254.2,Month-to-month,Fiber optic
0,73.35, ,Two year,DSL
9,83.85,790.15,Month-to-month,Fiber optic
69,112.55,7806.5,Two year,Fiber optic
7,20.75,141.1,Month-to-month,No
67,111.25,7511.65,One year,Fiber optic
45,54.15,2319.8,One year,DSL
17,94.8,1563.9,Month-to-month,Fiber optic
35,21.1,741,One year,No
3,86.85,220.95,Month-to-month,Fiber optic
12,86.55,1066.9,Month-to-month,Fiber optic
34,25.05,852.7,Month-to-month,DSL
56,105.6,6068.65,One year,Fiber optic
7,89.0,605.45,Month-to-month,Fiber optic
1,25.7,25.7,Month-to-month,No
53,20.25,1048.45,Two year,No
42,105.2,4599.15,One year,Fiber optic
52,91.25,4738.3,One year,Fiber optic
72,117.15,8529.5,Two year,Fiber optic
2,24.4,36.55,Month-to-month,DSL
2,79.55,151.75,Month-to-month,Fiber optic
52,101.25,5301.1,One year,Fiber optic
6,25.1,171,One year,No
72,115.8,8332.15,Two year,Fiber optic
1,91.3,91.3,Month-to-month,Fiber optic
50,109.65,5551.15,Two year,Fiber optic
68,82.45,5646.6,Two year,DSL
1,69.15,69.15,Month-to-month,Fiber optic
3,60.65,196.9,Month-to-month,DSL
22,59.75,1374.35,One year,DSL
72,79.5,5661.7,Two year,DSL
64,19.8,1336.65,One year,No
6,20.6,116.6,One year,No
68,19.95,1303.25,Two year,No
66,104.25,6860.6,One year,Fiber optic
1,78.45,78.45,Month-to-month,Fiber optic
6,89.5,573.3,Month-to-month,Fiber optic
3,70.4,204.7,Month-to-month,Fiber optic
34,116.25,3899.05,One year,Fiber optic
60,97.2,5611.75,Two year,Fiber optic
10,80.25,846,Month-to-month,Fiber optic
49,25.25,1211.65,Two year,No
48,73.85,3581.4,One year,DSL
14,39.7,692.35,Two year,DSL
68,80.35,5589.3,Month-to-month,Fiber optic
37,40.2,1478.85,Month-to-month,DSL
69,113.25,7895.15,Two year,Fiber optic
13,35.4,450.4,Two year,DSL
8,19.45,159.2,Month-to-month,No
13,72.8,930.05,Month-to-month,DSL
57,59.75,3450.15,Two year,DSL
72,89.85,6562.9,Two year,DSL
8,19.05,201.7,Two year,No
45,53.3,2296.25,Two year,DSL
21,43.55,1011.5,Month-to-month,DSL
39,40.6,1494.5,Month-to-month,DSL
15,24.8,324.15,Month-to-month,No
54,63.35,3409.1,Two year,DSL
60,89.55,5231.2,Two year,Fiber optic
2,45.25,85.5,Month-to-month,DSL
37,90.35,3419.3,Month-to-month,Fiber optic
12,54.2,690.5,Month-to-month,DSL
30,106.4,3211.9,Month-to-month,Fiber optic
61,106.2,6375.2,Month-to-month,Fiber optic
72,64.8,4732.35,Two year,DSL
1,20.2,20.2,One year,No
38,95.0,3591.25,One year,Fiber optic
25,65.8,1679.65,Month-to-month,DSL
71,24.65,1710.15,Two year,No
26,20.25,493.95,Month-to-month,No
20,89.1,1879.25,Month-to-month,Fiber optic
28,94.5,2659.4,Month-to-month,Fiber optic
31,93.8,2939.8,One year,Fiber optic
32,96.15,3019.25,Month-to-month,Fiber optic
13,35.1,446.1,Month-to-month,DSL
15,26.35,378.6,Month-to-month,No
60,39.6,2424.5,Two year,DSL
3,75.25,242,Month-to-month,Fiber optic
54,100.05,5299.65,One year,Fiber optic
3,19.1,52,Two year,No
9,71.0,672.55,Month-to-month,Fiber optic
17,104.2,1743.5,Month-to-month,Fiber optic
15,96.3,1426.75,Month-to-month,Fiber optic
19,25.6,485.9,Two year,No
4,85.95,381.3,Month-to-month,Fiber optic
1,79.35,79.35,Month-to-month,Fiber optic
72,60.95,4549.05,Two year,DSL
25,55.1,1466.1,One year,DSL
9,76.25,684.85,Month-to-month,Fiber optic
5,20.5,104.3,Month-to-month,No
61,33.6,2117.2,Month-to-month,DSL
71,104.1,7412.25,One year,Fiber optic
60,19.25,1103.25,Two year,No
55,59.2,3175.85,Two year,DSL
60,74.85,4456.35,One year,DSL
30,85.35,2530.4,One year,DSL
41,113.6,4594.95,Month-to-month,Fiber optic
11,54.6,617.85,One year,DSL
38,70.15,2497.35,One year,DSL
2,43.95,85.1,Month-to-month,DSL
72,97.75,6991.6,Two year,Fiber optic
41,101.6,3930.55,One year,Fiber optic
1,93.85,93.85,Month-to-month,Fiber optic
2,20.4,42.9,Month-to-month,No
47,99.35,4749.15,Month-to-month,Fiber optic
11,95.0,1120.3,Month-to-month,Fiber optic
1,24.4,24.4,Month-to-month,DSL
5,19.45,86.05,Month-to-month,No
60,50.05,2911.5,One year,DSL
50,19.4,1023.95,Two year,No
56,86.4,4922.4,Month-to-month,Fiber optic
38,83.9,3233.6,Month-to-month,Fiber optic
54,109.55,6118.95,Month-to-month,Fiber optic
48,106.1,5082.8,One year,Fiber optic
4,85.65,338.9,Month-to-month,Fiber optic
1,75.35,75.35,Month-to-month,Fiber optic
28,110.85,3204.4,Month-to-month,Fiber optic
10,98.55,1008.55,Month-to-month,Fiber optic
18,19.8,342.3,One year,No
67,104.6,6885.75,Two year,Fiber optic
1,70.3,70.3,Month-to-month,Fiber optic
66,65.85,4097.05,Two year,DSL
9,68.95,593.85,Month-to-month,DSL
68,101.05,6770.5,One year,Fiber optic
57,74.6,4368.95,One year,DSL
14,91.65,1301,Month-to-month,Fiber optic
66,116.25,7862.25,One year,Fiber optic
35,23.3,797.1,Two year,No
3,76.05,231.8,Month-to-month,Fiber optic
22,56.25,1292.2,One year,DSL
37,20.3,755.4,One year,No
27,25.85,788.55,Two year,No
8,30.45,226.45,Month-to-month,DSL
67,24.85,1583.5,Two year,No
53,93.9,5029.2,Month-to-month,Fiber optic
72,107.45,7658.3,Two year,Fiber optic
3,91.85,257.05,Month-to-month,Fiber optic
6,49.45,314.6,Month-to-month,DSL
71,96.35,6766.95,Two year,Fiber optic
63,19.25,1237.65,Two year,No
54,105.4,5643.4,One year,Fiber optic
1,44.3,44.3,Month-to-month,DSL
61,79.4,4820.55,One year,DSL
13,19.45,232.1,Month-to-month,No
22,24.85,493.4,Month-to-month,No
4,19.95,59.25,Month-to-month,No
24,57.6,1367.75,One year,DSL
71,82.7,5831.2,Two year,DSL
70,104.0,7250.15,Two year,Fiber optic
25,89.7,2187.55,Month-to-month,Fiber optic
72,78.95,5730.15,Two year,DSL
1,70.55,70.55,Month-to-month,Fiber optic
56,99.8,5515.45,One year,Fiber optic
26,105.45,2715.3,Two year,Fiber optic
47,78.9,3650.35,One year,Fiber optic
57,79.75,4438.2,Two year,DSL
70,80.7,5617.95,Two year,DSL
72,112.6,8126.65,Two year,Fiber optic
1,71.1,71.1,Month-to-month,Fiber optic
13,20.0,218.55,One year,No
53,94.25,4867.95,One year,Fiber optic
39,59.8,2343.85,One year,DSL
1,69.8,69.8,Month-to-month,Fiber optic
64,102.1,6538.45,Two year,Fiber optic
48,91.05,4370.75,Month-to-month,Fiber optic
1,24.75,24.75,Month-to-month,DSL
1,79.25,79.25,Month-to-month,Fiber optic
1,100.8,100.8,Month-to-month,Fiber optic
65,90.65,5931,Month-to-month,Fiber optic
4,94.9,360.55,Month-to-month,Fiber optic
55,94.75,5276.1,One year,Fiber optic
49,55.35,2633.95,One year,DSL
31,19.55,658.95,Month-to-month,No
72,116.85,8477.7,Two year,Fiber optic
30,100.05,3046.15,Month-to-month,Fiber optic
72,54.2,3937.45,Two year,DSL
9,93.0,870.25,Month-to-month,Fiber optic
8,99.65,820.5,Month-to-month,Fiber optic
59,106.15,6256.2,One year,Fiber optic
22,84.3,1855.65,Month-to-month,Fiber optic
62,110.75,7053.35,One year,Fiber optic
1,46.0,46,Month-to-month,DSL
1,74.7,74.7,Month-to-month,Fiber optic
71,19.85,1326.35,Two year,No
23,24.8,615.35,One year,No
67,85.25,5714.2,Two year,DSL
26,19.8,457.3,One year,No
62,89.1,5411.65,Two year,Fiber optic
2,20.35,45.3,Month-to-month,No
1,44.0,44,Month-to-month,DSL
2,20.45,34.8,One year,No
71,52.3,3765.05,Month-to-month,DSL
13,96.65,1162.85,Month-to-month,Fiber optic
71,95.15,6770.85,One year,Fiber optic
72,108.05,7806.6,Two year,Fiber optic
36,93.6,3366.05,Month-to-month,Fiber optic
19,66.4,1286.05,Month-to-month,DSL
54,74.55,4191.45,Two year,DSL
67,105.4,7035.6,One year,Fiber optic
60,94.15,5811.8,One year,Fiber optic
58,50.0,2919.85,One year,DSL
30,19.7,599.25,Two year,No
72,59.75,4265,Two year,DSL
65,104.3,6725.3,Two year,Fiber optic
48,58.95,2789.7,One year,DSL
4,74.9,321.75,Month-to-month,Fiber optic
5,80.85,356.1,Month-to-month,Fiber optic
61,62.15,3778.85,Two year,DSL
9,86.25,770.5,Month-to-month,Fiber optic
1,85.7,85.7,Month-to-month,Fiber optic
23,86.8,1940.8,One year,Fiber optic
1,19.65,19.65,Month-to-month,No
28,29.75,790.7,Month-to-month,DSL
12,95.7,1184,One year,Fiber optic
72,19.3,1304.8,Two year,No
1,74.7,74.7,Month-to-month,Fiber optic
71,116.3,8309.55,One year,Fiber optic
22,59.05,1253.5,Month-to-month,DSL
31,20.65,702.05,Month-to-month,No
46,64.2,3009.5,Two year,DSL
16,84.95,1378.25,Month-to-month,Fiber optic
39,95.65,3759.05,Month-to-month,Fiber optic
54,46.2,2431.95,Two year,DSL
14,64.7,941,Month-to-month,DSL
49,109.2,5290.45,One year,Fiber optic
15,25.05,369.1,Two year,No
52,19.65,928.4,One year,No
6,20.1,100.35,Two year,No
3,95.2,292.85,Month-to-month,Fiber optic
6,84.2,519.15,Month-to-month,Fiber optic
1,79.6,79.6,Month-to-month,Fiber optic
14,55.7,795.15,One year,DSL
47,20.05,951.55,One year,No
3,36.45,93.7,Month-to-month,DSL
1,49.0,49,Month-to-month,DSL
71,25.05,1873.7,Two year,No
2,69.7,135.2,Month-to-month,Fiber optic
13,19.95,257,One year,No
54,86.2,4524.05,Month-to-month,DSL
5,55.8,300.4,Month-to-month,DSL
22,50.35,1098.85,Month-to-month,DSL
13,98.0,1237.85,Month-to-month,Fiber optic
4,70.65,293.85,Month-to-month,Fiber optic
48,111.45,5315.1,Month-to-month,Fiber optic
29,20.65,654.85,Month-to-month,No
13,18.8,251.25,Month-to-month,No
1,60.1,60.1,Month-to-month,DSL
71,89.9,6342.7,Two year,DSL
72,109.95,7852.4,Two year,Fiber optic
64,86.55,5632.55,Two year,DSL
46,60.75,2893.4,Two year,DSL
42,100.4,4303.65,Two year,Fiber optic
21,104.35,2271.85,Month-to-month,Fiber optic
25,84.6,2088.05,Month-to-month,Fiber optic
24,20.25,439.75,One year,No
41,35.4,1412.4,One year,DSL
56,64.65,3665.55,One year,DSL
1,24.4,24.4,Month-to-month,DSL
1,24.25,24.25,Month-to-month,DSL
31,20.95,683.25,One year,No
58,94.35,5563.65,Two year,Fiber optic
6,59.15,336.7,Month-to-month,DSL
17,89.4,1539.45,Month-to-month,Fiber optic
45,97.05,4385.05,Month-to-month,Fiber optic
59,79.2,4590.35,Two year,Fiber optic
2,70.35,139.05,Month-to-month,Fiber optic
4,65.6,250.1,Month-to-month,DSL
18,74.15,1345.75,Month-to-month,Fiber optic
18,20.35,369.6,One year,No
1,35.9,35.9,Month-to-month,DSL
42,94.4,4014.6,Month-to-month,Fiber optic
20,85.25,1734.5,Month-to-month,Fiber optic
69,85.4,5869.4,Month-to-month,Fiber optic
1,55.3,55.3,Month-to-month,DSL
20,19.4,415.4,Month-to-month,No
58,109.45,6144.55,Two year,Fiber optic
72,94.25,6849.75,Two year,Fiber optic
19,49.6,962.9,Month-to-month,DSL
16,65.2,1043.35,Month-to-month,DSL
12,94.2,1046.1,Month-to-month,Fiber optic
1,90.1,90.1,Month-to-month,Fiber optic
1,82.3,82.3,Month-to-month,Fiber optic
72,25.4,1809.35,Two year,No
26,49.5,1265.65,Month-to-month,DSL
4,73.75,325.45,Month-to-month,Fiber optic
24,84.8,1990.5,One year,DSL
50,19.35,1033,One year,No
51,86.35,4267.15,One year,Fiber optic
72,103.95,7517.7,Two year,Fiber optic
70,58.4,4113.15,One year,DSL
70,104.3,7188.5,Two year,Fiber optic
15,91.5,1400.3,Month-to-month,Fiber optic
47,94.9,4615.25,One year,Fiber optic
63,86.7,5309.5,Two year,DSL
64,115.1,7334.05,Two year,Fiber optic
59,89.75,5496.9,Month-to-month,Fiber optic
1,24.0,24,Month-to-month,No
40,84.9,3369.05,Month-to-month,Fiber optic
55,25.7,1443.65,Two year,No
50,20.15,989.05,One year,No
65,107.45,7047.5,One year,Fiber optic
68,24.55,1657.4,Two year,No
2,70.75,146.9,Month-to-month,DSL
63,84.0,5329.55,One year,DSL
67,105.65,6717.9,Two year,Fiber optic
60,106.0,6441.4,One year,Fiber optic
67,64.55,4250.1,Two year,DSL
62,113.95,6891.4,Two year,Fiber optic
59,61.35,3645.5,One year,DSL
31,50.05,1523.4,One year,DSL
69,105.4,6998.95,Two year,Fiber optic
4,55.5,227.35,Month-to-month,DSL
1,84.3,84.3,Month-to-month,Fiber optic
28,56.05,1522.65,Month-to-month,DSL
68,84.7,5711.05,Two year,Fiber optic
12,20.45,255.35,Month-to-month,No
65,105.85,6725.5,Two year,Fiber optic
3,97.9,315.3,Month-to-month,Fiber optic
11,79.5,868.5,Month-to-month,Fiber optic
47,54.25,2538.2,Month-to-month,DSL
25,25.3,676.35,One year,No
1,49.8,49.8,Month-to-month,DSL
63,104.75,6536.5,Two year,Fiber optic
22,25.6,548.8,One year,No
60,60.2,3582.4,Month-to-month,DSL
1,50.55,50.55,Month-to-month,DSL
62,100.15,6283.3,Month-to-month,Fiber optic
47,86.05,3865.6,Month-to-month,Fiber optic
72,109.75,7932.5,Two year,Fiber optic
26,81.9,2078.55,Month-to-month,DSL
11,99.5,1056.95,Month-to-month,Fiber optic
70,113.65,7714.65,Two year,Fiber optic
43,63.95,2737.05,Month-to-month,DSL
69,26.3,1763.55,One year,No
72,114.0,8093.15,Two year,Fiber optic
60,103.75,5969.95,Month-to-month,Fiber optic
13,70.15,886.7,Month-to-month,Fiber optic
59,41.05,2452.7,Month-to-month,DSL
67,65.55,4361.55,Two year,DSL
12,20.5,255.5,Month-to-month,No
3,50.4,137.25,Month-to-month,DSL
1,45.35,45.35,Month-to-month,DSL
45,84.35,3858.05,Two year,DSL
31,54.35,1647,Month-to-month,DSL
7,19.45,165.35,Two year,No
33,20.1,579.4,One year,No
40,110.1,4469.1,Month-to-month,Fiber optic
33,95.8,3036.75,One year,Fiber optic
1,44.35,44.35,Month-to-month,DSL
71,20.1,1389.6,Two year,No
3,53.4,188.7,Month-to-month,DSL
27,94.55,2724.6,Month-to-month,Fiber optic
61,115.1,6993.65,One year,Fiber optic
48,19.95,1004.5,One year,No
41,20.0,810.3,Two year,No
9,75.75,655.9,Month-to-month,Fiber optic
11,40.4,422.6,One year,DSL
3,60.25,170.5,Month-to-month,DSL
66,79.4,5154.6,Two year,DSL
69,104.7,7220.35,One year,Fiber optic
38,110.7,4428.6,One year,Fiber optic
1,69.85,69.85,Month-to-month,Fiber optic
48,111.8,5443.65,Two year,Fiber optic
19,44.9,839.65,Month-to-month,DSL
16,19.35,275.9,Month-to-month,No
18,60.6,1156.35,Month-to-month,DSL
25,19.9,505.45,One year,No
55,79.4,4238.45,Month-to-month,Fiber optic
3,45.35,141.5,Month-to-month,DSL
8,81.25,585.95,Month-to-month,Fiber optic
39,59.3,2209.15,One year,DSL
5,20.15,117.95,Month-to-month,No
61,118.6,7365.7,One year,Fiber optic
1,35.75,35.75,Month-to-month,DSL
4,25.25,101.9,Month-to-month,No
63,79.7,4786.15,One year,DSL
12,24.95,280.4,One year,No
3,75.15,216.75,Month-to-month,Fiber optic
15,105.35,1559.25,Month-to-month,Fiber optic
50,43.05,2208.05,One year,DSL
42,95.25,3959.35,Month-to-month,Fiber optic
10,19.95,187.75,Month-to-month,No
55,59.45,3157,One year,DSL
23,75.0,1778.5,Month-to-month,Fiber optic
9,69.05,653.95,Month-to-month,DSL
59,94.05,5483.9,One year,Fiber optic
72,85.1,6155.4,Two year,DSL
1,95.85,95.85,Month-to-month,Fiber optic
24,21.1,490.65,Two year,No
58,66.8,3970.4,Month-to-month,DSL
31,75.25,2344.5,One year,DSL
16,19.6,314.45,Month-to-month,No
37,79.25,2911.8,One year,DSL
17,69.0,1149.65,Month-to-month,Fiber optic
49,93.85,4733.1,Month-to-month,Fiber optic
2,45.15,98.5,Month-to-month,DSL
47,85.5,4042.3,Month-to-month,Fiber optic
1,69.5,69.5,Month-to-month,Fiber optic
56,89.7,4952.95,Month-to-month,Fiber optic
46,90.95,4236.6,One year,Fiber optic
72,89.7,6339.3,Two year,DSL
43,100.0,4211.55,One year,Fiber optic
1,70.5,70.5,Month-to-month,Fiber optic
72,111.65,8022.85,Two year,Fiber optic
12,29.35,381.2,Month-to-month,DSL
68,41.95,2965.75,Two year,DSL
41,98.4,4187.75,Month-to-month,Fiber optic
58,91.55,5511.65,Month-to-month,Fiber optic
39,30.1,1131.3,Month-to-month,DSL
48,78.75,3682.45,One year,DSL
25,25.4,546.85,Month-to-month,No
16,20.5,290.55,Two year,No
24,89.55,2187.15,Month-to-month,Fiber optic
43,90.65,3882.3,One year,Fiber optic
1,35.05,35.05,Month-to-month,DSL
3,54.7,169.45,Month-to-month,DSL
3,70.25,229.7,Month-to-month,Fiber optic
57,55.7,3171.6,Month-to-month,DSL
57,94.0,5438.95,Month-to-month,Fiber optic
1,54.5,54.5,Month-to-month,DSL
9,45.15,416.45,Month-to-month,DSL
6,95.75,573.75,Month-to-month,Fiber optic
63,104.8,6597.25,Two year,Fiber optic
14,80.35,1058.1,Month-to-month,Fiber optic
23,55.3,1284.2,Month-to-month,DSL
71,24.45,1681.6,Two year,No
43,92.55,4039,Month-to-month,Fiber optic
17,89.15,1496.9,Month-to-month,Fiber optic
15,46.3,639.45,Month-to-month,DSL
35,55.25,1924.1,Two year,DSL
31,104.2,3243.45,Month-to-month,Fiber optic
71,90.35,6325.25,Two year,DSL
34,73.95,2524.45,Month-to-month,Fiber optic
15,64.65,994.55,Month-to-month,DSL
68,25.4,1620.2,Two year,No
26,82.0,2083.1,One year,DSL
1,70.45,70.45,Month-to-month,DSL
57,69.85,4003,Two year,DSL
39,95.55,3692.85,One year,Fiber optic
46,24.9,1174.8,One year,No
64,104.4,6692.65,Two year,Fiber optic
3,94.9,273.2,Month-to-month,Fiber optic
4,20.15,68.45,Month-to-month,No
71,91.25,6589.6,Two year,DSL
24,99.3,2431.35,Month-to-month,Fiber optic
43,19.65,779.25,Two year,No
17,69.0,1108,Month-to-month,DSL
34,85.2,2874.45,Month-to-month,Fiber optic
10,44.85,435.4,Month-to-month,DSL
40,91.55,3673.6,Month-to-month,Fiber optic
52,59.85,3103.25,Two year,DSL
51,93.8,4539.35,Month-to-month,Fiber optic
13,100.75,1313.25,Month-to-month,Fiber optic
18,64.8,1166.7,Month-to-month,DSL
30,64.5,1985.15,One year,DSL
4,74.8,321.9,Month-to-month,Fiber optic
4,63.75,226.2,Month-to-month,DSL
1,20.2,20.2,Month-to-month,No
38,19.6,763.1,One year,No
72,84.7,6185.15,Two year,Fiber optic
72,80.45,5737.6,Two year,Fiber optic
1,54.65,54.65,Month-to-month,DSL
56,103.2,5873.75,Two year,Fiber optic
15,75.65,1146.65,Month-to-month,Fiber optic
65,26.5,1698.55,Two year,No
5,64.4,316.9,Month-to-month,DSL
72,25.2,1798.9,Two year,No
72,97.85,6841.3,Two year,Fiber optic
34,49.8,1734.2,Month-to-month,DSL
64,94.25,6081.4,Month-to-month,Fiber optic
65,20.4,1414.45,Two year,No
54,97.2,5129.45,Two year,Fiber optic
1,20.35,20.35,Month-to-month,No
11,84.8,888.75,Month-to-month,Fiber optic
6,55.15,322.9,Month-to-month,DSL
69,24.25,1641.8,Two year,No
3,20.5,76.95,Month-to-month,No
72,65.25,4478.85,Two year,DSL
52,68.75,3482.85,One year,DSL
35,99.05,3554.6,Month-to-month,Fiber optic
64,102.45,6654.1,One year,Fiber optic
66,20.35,1359.5,One year,No
28,104.8,3046.05,Month-to-month,Fiber optic
45,112.2,5031.85,One year,Fiber optic
44,20.4,905.55,Two year,No
2,85.55,187.45,Month-to-month,Fiber optic
55,75.0,4213.9,One year,DSL
2,45.85,81,Month-to-month,DSL
72,103.95,7556.9,Two year,Fiber optic
1,79.55,79.55,Month-to-month,Fiber optic
37,40.2,1448.8,Month-to-month,DSL
62,69.4,4237.5,Two year,DSL
11,20.9,202.3,Two year,No
66,19.35,1240.8,Two year,No
26,60.7,1597.4,One year,DSL
7,19.5,128.6,One year,No
10,99.85,990.9,Month-to-month,Fiber optic
72,107.45,7576.7,Two year,Fiber optic
1,69.8,69.8,Month-to-month,Fiber optic
4,50.3,217.1,Month-to-month,DSL
12,19.7,260.9,One year,No
1,47.95,47.95,Month-to-month,DSL
46,108.9,4854.3,Two year,Fiber optic
24,51.1,1269.6,Month-to-month,DSL
11,78.0,851.8,Month-to-month,Fiber optic
20,20.05,400,Two year,No
33,95.3,3275.15,Month-to-month,Fiber optic
13,84.45,1058.6,Month-to-month,Fiber optic
49,20.15,973.35,Two year,No
14,19.6,300.4,Month-to-month,No
24,78.85,1772.25,Month-to-month,Fiber optic
4,101.15,385.9,Month-to-month,Fiber optic
49,100.6,5069.65,One year,Fiber optic
4,19.0,73.45,Month-to-month,No
71,24.55,1719.15,Two year,No
57,20.65,1125.6,Two year,No
19,84.75,1651.95,Month-to-month,Fiber optic
19,73.85,1424.5,Month-to-month,Fiber optic
15,85.3,1219.85,Month-to-month,Fiber optic
50,108.75,5431.9,Month-to-month,Fiber optic
18,90.0,1527.35,Month-to-month,Fiber optic
36,60.7,2234.55,One year,DSL
38,69.0,2669.45,One year,DSL
72,106.1,7657.4,Two year,Fiber optic
2,24.45,47.5,Month-to-month,DSL
48,75.15,3772.65,One year,Fiber optic
1,50.1,50.1,Month-to-month,DSL
69,106.35,7261.75,Two year,Fiber optic
12,45.0,524.35,Month-to-month,DSL
4,19.95,82.9,Month-to-month,No
1,70.45,70.45,Month-to-month,Fiber optic
46,24.45,1066.15,One year,No
66,20.55,1357.1,Two year,No
11,36.05,402.6,One year,DSL
24,35.75,830.8,Two year,DSL
70,114.75,7842.3,Two year,Fiber optic
63,19.95,1234.8,Two year,No
6,20.0,109.2,Month-to-month,No
14,19.9,283.75,Month-to-month,No
69,26.0,1796.55,Two year,No
7,53.65,404.35,Month-to-month,DSL
3,79.65,251.75,Month-to-month,Fiber optic
58,61.05,3478.75,One year,DSL
11,25.2,321.05,Month-to-month,DSL
72,113.4,8164.1,Two year,Fiber optic
62,25.8,1563.95,Two year,No
2,19.85,51.6,Month-to-month,No
31,104.35,3205.6,Month-to-month,Fiber optic
1,23.45,23.45,Month-to-month,DSL
4,19.7,117.8,One year,No
47,95.2,4563,One year,Fiber optic
41,80.55,3263.9,One year,DSL
47,41.9,1875.25,Two year,DSL
1,35.45,35.45,Month-to-month,DSL
8,19.95,170.9,Month-to-month,No
34,84.75,2839.45,Two year,DSL
43,24.25,1077.95,Two year,No
4,50.55,235.65,Month-to-month,DSL
53,97.75,5043.2,One year,Fiber optic
69,90.65,6322.1,Two year,DSL
3,74.5,217.45,Month-to-month,Fiber optic
64,65.8,4068,One year,DSL
10,24.8,223.9,Month-to-month,No
25,20.6,541.5,Month-to-month,No
1,50.6,50.6,Month-to-month,DSL
32,87.65,2766.4,Month-to-month,Fiber optic
36,79.2,2854.95,Month-to-month,DSL
30,55.3,1530.6,Month-to-month,DSL
25,74.3,1863.8,One year,DSL
29,103.95,2964.8,Month-to-month,Fiber optic
1,76.0,76,Month-to-month,Fiber optic
57,109.4,6252.7,One year,Fiber optic
25,19.9,510.8,One year,No
32,106.35,3520.75,Month-to-month,Fiber optic
71,86.85,6263.8,Two year,DSL
4,35.0,135.75,Month-to-month,DSL
55,90.15,4916.95,One year,DSL
17,91.85,1574.45,Month-to-month,Fiber optic
63,24.65,1574.5,Two year,No
7,44.4,265.8,Month-to-month,DSL
72,117.8,8684.8,One year,Fiber optic
45,34.2,1596.6,One year,DSL
1,89.35,89.35,Month-to-month,Fiber optic
72,110.45,8058.85,Two year,Fiber optic
12,81.45,912,Month-to-month,Fiber optic
30,101.5,2917.65,Month-to-month,Fiber optic
72,112.9,8061.5,Month-to-month,Fiber optic
25,69.3,1813.1,Month-to-month,Fiber optic
27,85.2,2151.6,Month-to-month,Fiber optic
58,71.6,4230.25,Two year,DSL
2,45.0,96.45,Month-to-month,DSL
60,59.8,3561.15,One year,DSL
20,19.7,395.6,One year,No
63,83.0,5243.05,One year,DSL
14,19.75,309.35,One year,No
29,20.35,617.35,One year,No
1,68.95,68.95,Month-to-month,Fiber optic
29,89.65,2623.65,Month-to-month,Fiber optic
4,51.75,201.1,Month-to-month,DSL
70,115.55,8127.6,One year,Fiber optic
6,55.9,365.35,Month-to-month,DSL
4,94.75,422.4,Month-to-month,Fiber optic
46,19.75,856.5,Two year,No
9,44.4,348.15,Month-to-month,DSL
1,71.35,71.35,Month-to-month,Fiber optic
31,101.4,3143.65,Month-to-month,Fiber optic
1,75.35,75.35,Month-to-month,Fiber optic
45,73.85,3371,Two year,DSL
11,64.05,733.95,Month-to-month,DSL
63,109.85,7002.95,Month-to-month,Fiber optic
3,24.6,86.35,Month-to-month,No
16,64.25,1024,Two year,DSL
19,20.2,382.2,Month-to-month,No
71,79.1,5564.85,Two year,DSL
17,86.75,1410.25,One year,Fiber optic
50,44.8,2230.85,One year,DSL
2,71.3,157.75,Month-to-month,Fiber optic
34,19.7,675.6,Month-to-month,No
42,56.1,2386.85,One year,DSL
69,84.45,5848.6,One year,Fiber optic
9,44.2,403.35,Month-to-month,DSL
4,30.5,118.4,Month-to-month,DSL
54,114.65,6049.5,One year,Fiber optic
33,59.4,1952.8,One year,DSL
12,84.05,966.55,Month-to-month,Fiber optic
71,85.45,6300.85,One year,DSL
3,29.75,96.85,Month-to-month,DSL
7,75.15,525,Month-to-month,Fiber optic
38,20.05,741.5,Two year,No
19,19.9,357.7,One year,No
70,84.8,5917.55,Two year,DSL
54,30.4,1621.35,Month-to-month,DSL
56,65.2,3512.15,One year,DSL
65,59.6,3739.8,Two year,DSL
35,85.15,3030.6,One year,Fiber optic
63,81.55,5029.05,Month-to-month,Fiber optic
37,19.6,727.8,One year,No
4,90.05,368.1,Month-to-month,Fiber optic
10,98.7,973.25,Month-to-month,Fiber optic
1,70.15,70.15,Month-to-month,Fiber optic
70,19.8,1378.75,Two year,No
22,90.0,1993.8,Month-to-month,Fiber optic
7,78.5,571.05,Month-to-month,DSL
31,59.05,1882.8,Month-to-month,DSL
69,54.95,3772.5,Two year,DSL
30,104.1,3121.1,Month-to-month,Fiber optic
53,54.45,2854.55,Month-to-month,DSL
1,71.55,71.55,Month-to-month,Fiber optic
71,90.1,6310.9,Two year,DSL
37,36.65,1315,Month-to-month,DSL
69,110.55,7610.1,One year,Fiber optic
16,80.75,1321.3,Month-to-month,Fiber optic
1,19.95,19.95,Month-to-month,No
69,61.4,4059.85,Two year,DSL
21,111.2,2317.1,Month-to-month,Fiber optic
61,106.45,6300.15,Month-to-month,Fiber optic
38,105.0,4026.4,Month-to-month,Fiber optic
1,19.1,19.1,Month-to-month,No
23,73.65,1642.75,Month-to-month,DSL
4,50.4,206.6,Month-to-month,DSL
6,54.85,355.1,Month-to-month,DSL
19,75.9,1375.6,Month-to-month,DSL
64,69.25,4447.75,Two year,DSL
62,23.75,1446.8,One year,No
1,81.7,81.7,Month-to-month,Fiber optic
1,30.5,30.5,Month-to-month,DSL
8,29.35,216.45,Month-to-month,DSL
72,113.65,8124.2,Two year,Fiber optic
11,60.9,688.5,Month-to-month,DSL
25,20.1,486.05,Two year,No
26,105.75,2710.25,Month-to-month,Fiber optic
17,74.55,1215.8,Month-to-month,DSL
11,44.65,472.25,Month-to-month,DSL
68,20.5,1424.9,Two year,No
59,111.35,6519.75,Month-to-month,Fiber optic
9,50.8,463.6,One year,DSL
2,72.6,154.3,Month-to-month,Fiber optic
47,85.3,4045.65,Month-to-month,Fiber optic
33,54.6,1803.7,Month-to-month,DSL
46,19.95,862.4,Two year,No
65,110.8,7245.9,Two year,Fiber optic
48,29.5,1423.05,Month-to-month,DSL
2,46.0,84.5,Month-to-month,DSL
1,74.6,74.6,Month-to-month,Fiber optic
1,49.85,49.85,Month-to-month,DSL
26,80.7,2193,Month-to-month,Fiber optic
16,20.4,321.4,Month-to-month,No
49,106.65,5174.35,Two year,Fiber optic
32,20.35,707.5,One year,No
29,19.8,572.2,One year,No
2,24.3,38.45,Month-to-month,DSL
70,90.85,6470.1,Month-to-month,Fiber optic
51,93.65,4839.15,One year,Fiber optic
55,60.0,3316.1,One year,DSL
5,89.8,502.6,Month-to-month,Fiber optic
69,24.95,1718.35,Two year,No
14,50.2,668.85,Month-to-month,DSL
72,101.35,7323.15,One year,Fiber optic
71,61.4,4310.35,Two year,DSL
41,20.45,775.6,Month-to-month,No
26,45.8,1147,Month-to-month,DSL
29,78.9,2384.15,Month-to-month,Fiber optic
55,76.25,4154.55,One year,DSL
39,51.05,2066,Month-to-month,DSL
21,82.35,1852.85,Month-to-month,Fiber optic
48,34.7,1604.5,One year,DSL
71,59.7,4122.65,Two year,DSL
13,88.95,1161.75,Two year,DSL
4,20.15,84.5,Month-to-month,No
70,111.95,7795.95,Two year,Fiber optic
42,73.9,3160.55,One year,DSL
2,20.7,39.85,Month-to-month,No
13,20.4,261.3,Two year,No
6,45.5,285.2,Month-to-month,DSL
1,71.1,71.1,Month-to-month,Fiber optic
29,19.85,573.05,Month-to-month,No
59,51.7,3005.8,Month-to-month,DSL
65,45.25,2933.95,Two year,DSL
71,90.4,6668.05,Two year,DSL
51,83.4,4149.45,Month-to-month,Fiber optic
18,20.1,370.5,Two year,No
16,38.9,664.4,Month-to-month,DSL
34,116.15,3946.9,Two year,Fiber optic
17,80.05,1345.65,Month-to-month,Fiber optic
31,59.95,1848.8,One year,DSL
28,92.2,2568.15,One year,Fiber optic
53,92.55,4779.45,Month-to-month,Fiber optic
60,64.75,4039.5,One year,DSL
23,48.35,1067.15,One year,DSL
69,107.2,7317.1,One year,Fiber optic
25,20.75,499.4,Two year,No
49,98.7,4920.55,Month-to-month,Fiber optic
55,98.8,5617.75,Month-to-month,Fiber optic
16,85.35,1375.15,Month-to-month,Fiber optic
62,94.0,5757.2,One year,Fiber optic
58,93.4,5435.6,Month-to-month,Fiber optic
69,19.4,1346.2,Two year,No
1,76.2,76.2,Month-to-month,Fiber optic
27,56.15,1439.35,Month-to-month,DSL
49,81.35,4060.9,Two year,DSL
1,85.45,85.45,Month-to-month,Fiber optic
65,24.8,1600.95,One year,No
39,103.45,3994.45,Month-to-month,Fiber optic
43,86.1,3551.65,Month-to-month,Fiber optic
20,24.45,482.8,Month-to-month,DSL
12,85.05,999.8,Month-to-month,Fiber optic
6,19.65,100.9,Month-to-month,No
68,25.5,1821.8,Two year,No
47,66.05,3021.45,One year,DSL
62,115.55,7159.05,Two year,Fiber optic
56,98.7,5669.5,Month-to-month,Fiber optic
17,19.35,307,One year,No
35,80.05,2835.9,Month-to-month,Fiber optic
2,79.2,172.85,Month-to-month,Fiber optic
1,35.0,35,Month-to-month,DSL
48,103.25,5037.55,One year,Fiber optic
45,89.3,4192.15,Month-to-month,Fiber optic
70,90.15,6237.05,Two year,DSL
31,78.45,2435.15,Month-to-month,Fiber optic
59,25.0,1510.5,Two year,No
47,84.95,4018.05,One year,Fiber optic
32,18.95,613.95,Two year,No
38,70.6,2708.2,One year,DSL
59,83.25,4949.1,Month-to-month,Fiber optic
27,100.5,2673.45,One year,Fiber optic
58,94.3,5610.15,One year,Fiber optic
71,111.3,7985.9,Two year,Fiber optic
27,86.45,2401.05,Month-to-month,Fiber optic
65,103.15,6792.45,One year,Fiber optic
48,70.95,3629.2,One year,DSL
28,80.6,2244.95,Month-to-month,Fiber optic
19,24.7,465.85,Month-to-month,No
58,75.8,4415.75,Two year,DSL
53,100.3,5200.8,One year,Fiber optic
40,94.55,3640.45,Month-to-month,Fiber optic
1,19.25,19.25,Month-to-month,No
40,104.5,4036.85,Month-to-month,Fiber optic
61,25.45,1538.6,Two year,No
66,110.85,7491.75,One year,Fiber optic
40,40.25,1564.05,One year,DSL
15,99.7,1566.75,Month-to-month,Fiber optic
68,25.75,1686.15,Two year,No
12,80.45,950.2,Month-to-month,Fiber optic
1,19.4,19.4,Month-to-month,No
8,19.5,162.15,Two year,No
40,74.8,2971.7,Month-to-month,Fiber optic
72,102.65,7550.3,Two year,Fiber optic
9,72.9,651.4,Month-to-month,DSL
15,58.95,955.15,Month-to-month,DSL
1,19.45,19.45,Month-to-month,No
33,83.35,2757.85,Month-to-month,Fiber optic
38,19.95,756.4,Two year,No
55,64.75,3617.1,Two year,DSL
65,79.4,5071.9,Two year,DSL
4,54.7,235.05,Month-to-month,DSL
43,106.0,4532.3,One year,Fiber optic
18,35.2,607.3,Month-to-month,DSL
1,93.55,93.55,Month-to-month,Fiber optic
1,18.9,18.9,Month-to-month,No
3,70.3,208.85,Month-to-month,Fiber optic
41,20.65,875.55,Two year,No
16,88.45,1422.1,Month-to-month,Fiber optic
5,80.2,384.25,Month-to-month,Fiber optic
56,105.35,5794.45,Month-to-month,Fiber optic
28,25.7,734.6,Month-to-month,No
54,20.05,1102.4,Two year,No
1,19.5,19.5,Month-to-month,No
42,108.3,4586.15,One year,Fiber optic
66,105.65,6844.5,Two year,Fiber optic
8,84.0,613.4,Month-to-month,Fiber optic
14,25.55,372.45,Month-to-month,No
43,49.05,2076.2,Month-to-month,DSL
70,49.85,3370.2,Two year,DSL
31,89.3,2823,Month-to-month,Fiber optic
72,111.9,8071.05,Two year,Fiber optic
34,67.65,2339.3,Two year,DSL
19,19.8,344.5,One year,No
53,106.1,5769.75,One year,Fiber optic
3,40.3,92.5,Month-to-month,DSL
13,79.8,973.45,Month-to-month,Fiber optic
24,74.4,1712.9,One year,DSL
4,88.85,372.45,Month-to-month,Fiber optic
32,79.5,2665,Month-to-month,Fiber optic
39,40.3,1630.4,One year,DSL
72,109.75,7758.9,Two year,Fiber optic
60,105.9,6396.45,Month-to-month,Fiber optic
4,25.45,84.2,Month-to-month,No
72,24.75,1777.6,Two year,No
9,48.75,442.2,Month-to-month,DSL
29,39.5,1082.75,One year,DSL
18,23.75,424.5,One year,No
72,89.55,6448.85,Two year,DSL
2,20.05,42.7,Month-to-month,No
71,109.6,7854.15,One year,Fiber optic
8,19.55,161.15,Month-to-month,No
72,88.05,6425.65,Two year,DSL
71,70.85,4973.4,Two year,DSL
44,106.05,4510.8,One year,Fiber optic
47,24.55,1160.45,Two year,No
27,110.5,2857.6,One year,Fiber optic
1,49.75,49.75,Month-to-month,DSL
46,24.95,1165.9,One year,No
11,34.7,383.55,Month-to-month,DSL
41,99.8,4259.3,Month-to-month,Fiber optic
69,61.45,4131.2,Two year,DSL
13,19.95,253.8,One year,No
45,20.0,886.4,Two year,No
24,24.6,592.65,One year,No
65,25.75,1654.75,Two year,No
1,49.55,49.55,Month-to-month,DSL
51,76.4,3966.3,One year,DSL
11,20.0,211.95,One year,No
5,96.25,512.45,Month-to-month,Fiber optic
8,19.7,168.9,Month-to-month,No
71,80.4,5727.15,Two year,DSL
15,94.0,1505.45,Month-to-month,Fiber optic
28,20.5,563.05,Month-to-month,No
16,74.75,1129.35,Month-to-month,Fiber optic
53,64.15,3491.55,One year,DSL
14,59.45,780.85,Month-to-month,DSL
49,100.65,4917.75,Two year,Fiber optic
71,47.05,3263.6,Two year,DSL
45,20.85,892.15,Two year,No
53,98.4,5149.5,Month-to-month,Fiber optic
26,44.45,1183.8,Month-to-month,DSL
67,86.15,5883.85,Two year,DSL
2,84.05,134.05,Month-to-month,Fiber optic
17,82.65,1470.05,Month-to-month,Fiber optic
13,82.0,1127.2,Month-to-month,Fiber optic
71,106.7,7382.25,Two year,Fiber optic
68,58.25,3975.7,One year,DSL
1,19.7,19.7,Month-to-month,No
10,19.95,219.5,One year,No
41,78.45,3126.45,Two year,DSL
31,50.4,1580.1,One year,DSL
11,69.35,712.25,Month-to-month,DSL
1,25.0,25,Month-to-month,No
22,20.15,432.5,Month-to-month,No
57,90.45,5229.8,Two year,Fiber optic
12,51.25,612.1,Month-to-month,DSL
67,25.6,1790.35,Two year,No
29,33.75,1009.25,Month-to-month,DSL
4,20.5,77.6,Month-to-month,No
25,48.25,1293.8,Month-to-month,DSL
72,55.65,3880.05,Two year,DSL
72,89.4,6376.55,Two year,DSL
9,40.75,359.4,Month-to-month,DSL
53,69.7,3686.05,Two year,DSL
68,110.8,7553.6,Two year,Fiber optic
57,53.5,3035.8,One year,DSL
15,25.25,394.85,Month-to-month,No
23,19.65,451.55,Two year,No
12,24.0,269.65,Two year,No
35,53.15,1930.9,One year,DSL
19,89.65,1761.05,Month-to-month,Fiber optic
8,84.5,662.65,Month-to-month,Fiber optic
53,19.65,978,Two year,No
13,20.4,251.65,Month-to-month,No
1,75.3,75.3,Month-to-month,Fiber optic
23,85.6,1868.4,Month-to-month,Fiber optic
14,46.35,672.7,Month-to-month,DSL
30,55.65,1653.85,Two year,DSL
8,19.85,146.6,Two year,No
16,71.4,1212.1,Month-to-month,DSL
58,98.9,5780.7,Month-to-month,Fiber optic
7,99.8,673.25,Month-to-month,Fiber optic
6,98.25,560.6,Month-to-month,Fiber optic
71,81.85,5924.4,Two year,DSL
1,44.9,44.9,Month-to-month,DSL
57,103.05,5925.75,Month-to-month,Fiber optic
1,19.3,19.3,Month-to-month,No
23,20.3,470.6,Month-to-month,No
39,58.6,2224.5,One year,DSL
47,100.75,4669.2,Month-to-month,Fiber optic
11,19.95,214.75,Month-to-month,No
41,88.5,3645.05,Month-to-month,Fiber optic
3,71.1,213.35,Two year,DSL
29,75.35,2243.9,One year,DSL
69,105.1,7234.8,One year,Fiber optic
38,57.15,2250.65,Month-to-month,DSL
16,73.85,1284.2,Month-to-month,Fiber optic
43,78.8,3460.3,Two year,DSL
6,49.25,255.6,One year,DSL
25,26.8,733.55,One year,No
1,70.15,70.15,Month-to-month,Fiber optic
41,94.55,3851.45,Month-to-month,Fiber optic
45,103.65,4747.85,Month-to-month,Fiber optic
5,85.3,420.45,Month-to-month,Fiber optic
45,113.3,5032.25,One year,Fiber optic
44,104.15,4495.65,Month-to-month,Fiber optic
61,73.8,4616.05,Two year,DSL
52,93.25,4631.7,Month-to-month,Fiber optic
6,79.05,434.5,Month-to-month,Fiber optic
64,24.4,1548.65,Two year,No
19,20.15,387.7,Two year,No
71,105.75,7382.85,One year,Fiber optic
45,81.4,3775.85,Month-to-month,Fiber optic
50,101.9,5265.5,One year,Fiber optic
68,118.6,7990.05,Two year,Fiber optic
1,69.65,69.65,Month-to-month,Fiber optic
12,91.3,1094.5,Month-to-month,Fiber optic
33,90.65,2989.6,Month-to-month,Fiber optic
32,91.35,2896.55,Month-to-month,Fiber optic
71,19.6,1387.45,Two year,No
17,92.55,1614.7,Month-to-month,Fiber optic
19,48.95,955.6,One year,DSL
54,74.0,3919.15,Month-to-month,Fiber optic
57,58.75,3437.45,Month-to-month,DSL
68,82.85,5776.45,Two year,DSL
53,48.7,2495.2,Month-to-month,DSL
48,107.4,5121.3,Month-to-month,Fiber optic
36,53.65,1939.35,One year,DSL
35,61.2,2021.2,One year,DSL
67,65.65,4322.85,Two year,DSL
53,46.3,2546.85,Month-to-month,DSL
22,75.8,1615.1,Month-to-month,Fiber optic
30,74.75,2111.3,Month-to-month,DSL
50,100.2,5038.45,Two year,Fiber optic
45,20.35,929.2,Two year,No
29,25.1,712.85,Month-to-month,DSL
12,45.4,518.9,Month-to-month,DSL
3,36.85,108.7,Month-to-month,DSL
1,35.25,35.25,Month-to-month,DSL
2,89.55,185.55,Month-to-month,Fiber optic
27,76.1,2093.4,Month-to-month,Fiber optic
55,85.45,4874.7,Month-to-month,Fiber optic
1,19.9,19.9,Month-to-month,No
4,80.8,332.45,Month-to-month,Fiber optic
55,25.65,1388,Two year,No
8,54.4,475.1,Month-to-month,DSL
70,114.95,7711.25,Two year,Fiber optic
64,47.85,3147.5,Two year,DSL
11,75.9,866.4,Month-to-month,Fiber optic
1,48.55,48.55,Month-to-month,DSL
1,69.75,69.75,Month-to-month,Fiber optic
1,79.95,79.95,Month-to-month,Fiber optic
66,25.7,1714.55,One year,No
13,50.55,610.75,Month-to-month,DSL
72,24.65,1830.05,Two year,No
72,65.6,4566.5,Two year,DSL
52,85.8,4433.3,Month-to-month,Fiber optic
26,85.9,2196.45,Month-to-month,Fiber optic
33,34.05,1113.95,One year,DSL
13,84.6,1115.2,Month-to-month,Fiber optic
13,31.05,347.25,Month-to-month,DSL
27,20.3,595.05,One year,No
66,91.7,6075.9,Two year,DSL
71,114.0,8175.9,Two year,Fiber optic
1,45.3,45.3,Month-to-month,DSL
60,44.45,2773.9,One year,DSL
8,74.5,609.9,Month-to-month,Fiber optic
55,94.45,5073.1,Month-to-month,Fiber optic
71,108.6,7690.9,Two year,Fiber optic
39,59.85,2341.5,Month-to-month,DSL
26,85.7,2067,Month-to-month,Fiber optic
53,60.45,3184.25,One year,DSL
5,99.15,465.05,Month-to-month,Fiber optic
72,104.95,7544.3,One year,Fiber optic
27,74.4,1972.35,Month-to-month,Fiber optic
11,59.65,683.25,Month-to-month,DSL
72,106.85,7677.4,One year,Fiber optic
41,104.45,4162.05,One year,Fiber optic
36,70.7,2511.95,One year,DSL
11,82.9,880.05,Month-to-month,Fiber optic
62,20.0,1250.1,Two year,No
20,24.9,505.95,Month-to-month,DSL
55,45.05,2462.6,One year,DSL
45,51.0,2264.5,One year,DSL
71,109.0,7661.8,Two year,Fiber optic
1,36.45,36.45,Month-to-month,DSL
29,26.1,692.55,Two year,No
10,46.0,492.1,Month-to-month,DSL
11,20.25,208,Month-to-month,No
18,88.35,1639.3,Month-to-month,Fiber optic
72,108.1,7774.05,Two year,Fiber optic
1,43.8,43.8,Month-to-month,DSL
56,99.9,5706.3,Two year,Fiber optic
23,95.3,2192.9,Month-to-month,Fiber optic
18,94.7,1687.95,Month-to-month,Fiber optic
30,91.7,2758.15,Month-to-month,Fiber optic
61,20.55,1252,One year,No
42,25.05,949.85,One year,No
50,84.4,4116.15,Month-to-month,Fiber optic
27,81.3,2272.8,Month-to-month,Fiber optic
1,70.85,70.85,Month-to-month,Fiber optic
45,70.05,3062.45,Month-to-month,DSL
70,105.35,7511.9,Two year,Fiber optic
18,33.5,600,Month-to-month,DSL
3,74.75,238.1,Month-to-month,Fiber optic
39,81.5,3107.3,Month-to-month,Fiber optic
52,19.35,1031.7,Two year,No
4,94.4,387.2,Month-to-month,Fiber optic
68,110.0,7611.85,Two year,Fiber optic
26,19.2,459.6,One year,No
1,50.65,50.65,Month-to-month,DSL
52,20.65,1022.95,One year,No
12,44.55,480.6,Month-to-month,DSL
29,71.0,2080.1,One year,DSL
1,79.7,79.7,Month-to-month,Fiber optic
24,49.55,1210.4,Month-to-month,DSL
65,90.45,5957.9,Two year,DSL
5,51.0,305.95,Month-to-month,DSL
35,19.7,730.4,Two year,No
37,90.6,3358.65,One year,DSL
36,53.1,1901.25,Two year,DSL
4,81.0,340.85,Month-to-month,Fiber optic
70,24.7,1685.9,Two year,No
2,18.75,53.15,Month-to-month,No
4,75.35,273.4,Month-to-month,Fiber optic
71,93.25,6669.45,Month-to-month,Fiber optic
72,89.85,6697.35,Two year,DSL
47,67.45,3252,Month-to-month,DSL
55,58.6,3068.6,Two year,DSL
51,94.65,4812.75,Month-to-month,Fiber optic
72,118.2,8547.15,Two year,Fiber optic
72,114.45,8100.55,Two year,Fiber optic
38,74.05,2802.3,One year,DSL
8,76.15,645.8,Two year,DSL
27,88.3,2467.75,Month-to-month,Fiber optic
6,60.9,414.1,Month-to-month,DSL
17,19.15,343.45,Two year,No
71,19.8,1396.25,Two year,No
42,99.0,4135,Two year,Fiber optic
1,20.35,20.35,Month-to-month,No
70,109.5,7674.55,One year,Fiber optic
9,75.6,661.55,Month-to-month,Fiber optic
1,19.85,19.85,Month-to-month,No
10,40.7,449.3,Month-to-month,DSL
49,94.8,4690.65,Two year,Fiber optic
46,43.95,2007.85,Month-to-month,DSL
46,103.15,4594.65,One year,Fiber optic
4,99.6,347.65,Month-to-month,Fiber optic
71,106.0,7723.7,Two year,Fiber optic
14,61.4,815.55,Two year,DSL
67,54.2,3838.2,Two year,DSL
10,60.2,563.5,Month-to-month,DSL
62,20.05,1201.65,Two year,No
65,89.75,5769.6,One year,Fiber optic
53,60.05,3229.65,One year,DSL
4,19.4,93.4,Month-to-month,No
58,59.9,3505.1,Two year,DSL
1,79.05,79.05,Month-to-month,Fiber optic
72,107.5,7853.7,Two year,Fiber optic
69,106.4,7251.9,One year,Fiber optic
2,79.7,165,Month-to-month,Fiber optic
52,85.15,4461.85,Two year,DSL
8,80.1,679.3,Month-to-month,Fiber optic
72,111.65,7943.45,Two year,Fiber optic
7,44.25,313.45,Month-to-month,DSL
53,98.6,5311.85,One year,Fiber optic
11,70.5,829.3,Month-to-month,DSL
18,33.6,550.35,Month-to-month,DSL
1,20.0,20,Month-to-month,No
63,25.25,1573.05,Two year,No
30,85.15,2555.9,Month-to-month,Fiber optic
1,20.05,20.05,Month-to-month,No
40,64.1,2460.35,Month-to-month,DSL
59,19.5,1147.85,Two year,No
22,63.55,1381.8,Month-to-month,DSL
72,55.45,4179.2,Two year,DSL
14,78.1,1122.4,Month-to-month,Fiber optic
72,110.45,7982.5,Two year,Fiber optic
72,115.05,8405,Two year,Fiber optic
49,74.6,3720.35,Month-to-month,Fiber optic
18,48.35,810.7,Month-to-month,DSL
10,19.9,199.45,Month-to-month,No
8,85.2,627.4,Month-to-month,Fiber optic
7,40.1,293.3,Month-to-month,DSL
2,30.25,63.75,Month-to-month,DSL
34,84.05,2909.95,Month-to-month,Fiber optic
70,66.0,4891.5,Two year,DSL
72,24.55,1750.7,Two year,No
8,29.4,221.9,Month-to-month,DSL
16,93.2,1573.7,Month-to-month,Fiber optic
69,99.5,6841.45,One year,Fiber optic
35,81.6,2815.25,One year,Fiber optic
55,20.0,1087.25,Month-to-month,No
69,19.1,1268.85,Two year,No
2,80.6,155.8,Month-to-month,Fiber optic
72,25.45,1866.45,Two year,No
5,19.95,109.6,Month-to-month,No
10,70.15,735.5,Month-to-month,Fiber optic
57,18.8,1094.35,Two year,No
25,58.6,1502.65,Month-to-month,DSL
63,108.75,6871.7,Month-to-month,Fiber optic
72,80.45,5886.85,Two year,DSL
48,96.9,4473.45,Two year,Fiber optic
49,90.4,4494.65,Month-to-month,Fiber optic
21,20.75,452.2,Month-to-month,No
57,44.85,2572.95,Month-to-month,DSL
21,65.35,1424.4,Month-to-month,DSL
8,64.1,504.05,Month-to-month,DSL
9,85.5,791.7,Month-to-month,Fiber optic
2,94.95,178.1,Month-to-month,Fiber optic
9,94.85,890.6,Month-to-month,Fiber optic
19,99.95,1931.75,Month-to-month,Fiber optic
8,84.95,668.4,Month-to-month,Fiber optic
56,105.45,5916.95,Month-to-month,Fiber optic
21,55.95,1157.05,One year,DSL
60,80.6,4946.7,Two year,DSL
56,52.0,2884.9,One year,DSL
55,20.3,1079.05,Two year,No
55,19.1,1001.5,One year,No
14,74.3,1096.25,Month-to-month,Fiber optic
61,88.65,5321.25,Two year,DSL
66,20.0,1374.2,Two year,No
57,54.65,3134.7,One year,DSL
59,64.65,3735.45,Month-to-month,DSL
49,106.65,5168.1,One year,Fiber optic
68,92.2,6392.85,Two year,DSL
36,74.9,2659.45,Month-to-month,Fiber optic
1,69.55,69.55,Month-to-month,Fiber optic
30,100.45,3096.9,Month-to-month,Fiber optic
71,24.4,1725.4,Two year,No
8,101.15,842.9,Month-to-month,Fiber optic
9,80.85,751.65,Month-to-month,Fiber optic
69,106.5,7348.8,Two year,Fiber optic
67,106.6,7244.7,One year,Fiber optic
24,54.95,1348.5,Month-to-month,DSL
16,71.8,1167.8,Month-to-month,Fiber optic
14,70.2,1046.5,Month-to-month,Fiber optic
34,108.9,3625.2,Month-to-month,Fiber optic
53,19.55,1007.9,One year,No
20,105.85,2239.65,Month-to-month,Fiber optic
24,74.8,1821.2,One year,DSL
64,81.3,5129.3,Two year,DSL
71,23.95,1756.2,Two year,No
8,19.2,161.95,One year,No
65,69.55,4459.15,Two year,DSL
29,48.95,1323.7,Month-to-month,DSL
55,100.9,5448.6,One year,Fiber optic
54,61.0,3283.05,One year,DSL
66,61.35,4193.4,Two year,DSL
31,59.7,1825.5,Month-to-month,DSL
5,78.95,378.4,Month-to-month,Fiber optic
21,61.65,1393.6,Month-to-month,DSL
9,24.6,190.1,Month-to-month,DSL
31,90.7,2845.15,Month-to-month,Fiber optic
49,99.25,4920.8,One year,Fiber optic
11,94.0,1078.9,Month-to-month,Fiber optic
6,93.55,536.4,Month-to-month,Fiber optic
0,20.0, ,Two year,No
57,19.9,1115.6,Two year,No
2,59.0,114.15,Month-to-month,DSL
9,85.35,754.65,Month-to-month,Fiber optic
38,20.3,743.05,Two year,No
39,54.85,2191.7,One year,DSL
17,92.55,1515.1,Month-to-month,Fiber optic
71,25.55,1898.1,Two year,No
45,96.75,4442.75,One year,Fiber optic
33,20.1,670.35,Two year,No
72,20.7,1482.3,Two year,No
29,55.25,1620.2,One year,DSL
71,95.75,6849.4,Two year,Fiber optic
18,103.6,1806.35,Month-to-month,Fiber optic
16,53.9,834.15,Month-to-month,DSL
27,101.25,2754.45,Month-to-month,Fiber optic
4,19.6,93.45,Month-to-month,No
72,26.45,1914.5,Two year,No
47,95.05,4504.55,Month-to-month,Fiber optic
39,81.4,3213.75,One year,Fiber optic
72,105.0,7589.8,Two year,Fiber optic
1,89.3,89.3,Month-to-month,Fiber optic
72,105.0,7578.05,One year,Fiber optic
18,75.4,1380.4,Month-to-month,Fiber optic
71,71.0,5012.1,One year,DSL
42,66.4,2727.8,Month-to-month,DSL
72,90.25,6369.45,Two year,DSL
15,100.15,1415,Month-to-month,Fiber optic
72,104.9,7559.55,Two year,Fiber optic
27,56.2,1567.55,One year,DSL
35,70.3,2416.55,Month-to-month,Fiber optic
9,101.5,906.85,Month-to-month,Fiber optic
1,19.55,19.55,Month-to-month,No
20,44.35,927.15,Month-to-month,DSL
65,19.35,1319.95,Two year,No
1,20.9,20.9,Month-to-month,No
7,20.05,164.85,Month-to-month,No
29,75.55,2054.4,Two year,DSL
46,30.3,1380.1,Month-to-month,DSL
1,49.5,49.5,Month-to-month,DSL
3,74.6,239.05,Month-to-month,Fiber optic
13,91.1,1135.7,Month-to-month,Fiber optic
7,20.05,96.8,One year,No
1,19.85,19.85,Month-to-month,No
16,20.15,341.35,Month-to-month,No
8,65.5,564.35,Two year,DSL
10,104.4,1081.45,Month-to-month,Fiber optic
29,100.55,2830.45,One year,Fiber optic
19,83.65,1465.75,Month-to-month,Fiber optic
72,113.1,8248.5,Two year,Fiber optic
3,99.0,287.4,Month-to-month,Fiber optic
44,24.85,1013.6,One year,No
42,105.2,4400.75,Month-to-month,Fiber optic
30,83.55,2570.2,Month-to-month,Fiber optic
51,81.0,4085.75,Month-to-month,Fiber optic
1,19.65,19.65,Month-to-month,No
23,20.0,445.3,One year,No
53,110.5,5835.5,One year,Fiber optic
24,98.75,2407.3,Month-to-month,Fiber optic
1,20.15,20.15,Month-to-month,No
61,98.3,6066.55,One year,Fiber optic
22,93.2,2157.3,Month-to-month,Fiber optic
5,91.4,449.75,Month-to-month,Fiber optic
39,49.8,1971.15,Two year,DSL
50,39.45,2021.35,Month-to-month,DSL
57,19.4,1061.6,One year,No
39,25.45,958.45,One year,No
11,96.2,1222.05,Month-to-month,Fiber optic
1,45.3,45.3,Month-to-month,DSL
56,109.6,5953,Month-to-month,Fiber optic
34,56.95,1889.5,One year,DSL
12,79.2,943.85,One year,DSL
1,90.75,90.75,Month-to-month,Fiber optic
19,19.7,386.5,One year,No
18,94.75,1691.9,Month-to-month,Fiber optic
36,54.1,1992.85,One year,DSL
11,60.25,662.95,Month-to-month,DSL
56,73.85,4092.85,Month-to-month,Fiber optic
51,77.5,3807.35,Month-to-month,Fiber optic
27,90.15,2423.4,Month-to-month,Fiber optic
1,70.9,70.9,Month-to-month,Fiber optic
4,46.0,181.6,Month-to-month,DSL
72,64.45,4641.1,Two year,DSL
52,50.5,2566.3,Month-to-month,DSL
15,25.4,399.6,Month-to-month,No
1,55.2,55.2,Month-to-month,DSL
63,79.85,4861.45,Two year,DSL
14,90.9,1259,Month-to-month,Fiber optic
23,88.45,2130.55,Month-to-month,Fiber optic
47,99.7,4747.2,Month-to-month,Fiber optic
72,109.2,7711.45,Two year,Fiber optic
48,83.45,3887.85,One year,DSL
11,35.8,363.15,Month-to-month,DSL
48,20.0,935.9,Two year,No
61,25.0,1501.75,Two year,No
34,69.15,2275.1,Month-to-month,Fiber optic
24,20.75,487.05,Two year,No
18,61.5,1087.45,One year,DSL
64,86.8,5327.25,Month-to-month,Fiber optic
59,88.75,5348.65,Month-to-month,Fiber optic
24,34.25,828.2,Month-to-month,DSL
0,25.35, ,Two year,No
60,25.0,1505.05,Two year,No
41,74.65,3090.65,Month-to-month,DSL
3,81.35,233.7,Month-to-month,Fiber optic
72,108.4,7719.5,Two year,Fiber optic
47,110.85,5275.8,One year,Fiber optic
21,75.3,1570.7,Month-to-month,Fiber optic
41,98.05,3990.6,Month-to-month,Fiber optic
6,82.85,460.25,Month-to-month,Fiber optic
17,21.1,385.55,Month-to-month,No
72,20.1,1460.85,Two year,No
13,52.1,670.65,Month-to-month,DSL
72,64.75,4804.75,Two year,DSL
15,103.45,1539.8,Month-to-month,Fiber optic
3,34.8,113.95,Month-to-month,DSL
46,74.8,3548.3,Month-to-month,Fiber optic
72,23.55,1723.95,Two year,No
15,56.15,931.9,One year,DSL
64,111.15,6953.4,Month-to-month,Fiber optic
67,84.8,5598.3,One year,Fiber optic
1,20.45,20.45,Month-to-month,No
51,75.2,3901.25,Two year,DSL
51,60.15,3077,One year,DSL
5,43.25,219,Month-to-month,DSL
4,25.3,116.95,Two year,No
35,69.15,2490.15,Two year,DSL
71,24.25,1732.95,Two year,No
13,81.9,1028.9,Month-to-month,Fiber optic
3,20.2,65.95,Month-to-month,No
30,19.05,637.55,Two year,No
20,73.65,1463.5,Month-to-month,Fiber optic
64,86.4,5442.05,Two year,DSL
59,18.4,1057.85,Two year,No
1,55.8,55.8,Month-to-month,DSL
57,93.75,5625.55,Two year,Fiber optic
66,50.55,3364.55,Two year,DSL
25,40.65,970.55,One year,DSL
10,29.5,255.25,Month-to-month,DSL
4,20.35,77.5,Month-to-month,No
72,92.0,6474.4,Two year,DSL
71,115.05,8016.6,Two year,Fiber optic
41,19.75,806.95,One year,No
9,19.6,197.4,Two year,No
1,50.9,50.9,Month-to-month,DSL
1,73.6,73.6,Month-to-month,Fiber optic
65,109.3,7337.55,Two year,Fiber optic
4,75.35,338.1,Month-to-month,Fiber optic
1,74.35,74.35,Month-to-month,Fiber optic
1,42.9,42.9,Month-to-month,DSL
7,20.65,155.9,Month-to-month,No
5,20.35,92.75,Month-to-month,No
12,53.65,696.35,One year,DSL
55,100.0,5509.3,One year,Fiber optic
54,45.2,2460.55,Two year,DSL
2,69.3,153.8,Month-to-month,Fiber optic
23,19.6,426.65,Two year,No
15,95.7,1451.1,Month-to-month,Fiber optic
2,49.6,114.7,Month-to-month,DSL
56,98.6,5581.05,Month-to-month,Fiber optic
65,105.05,6914.95,Month-to-month,Fiber optic
28,92.9,2768.35,One year,Fiber optic
1,25.2,25.2,Month-to-month,DSL
8,38.5,330.8,Month-to-month,DSL
23,68.75,1689.45,One year,DSL
17,65.75,1111.2,Month-to-month,DSL
30,70.4,2044.75,One year,DSL
67,105.6,7112.15,One year,Fiber optic
1,81.05,81.05,Month-to-month,Fiber optic
16,49.95,810.2,Month-to-month,DSL
1,19.85,19.85,Month-to-month,No
59,107.0,6152.3,One year,Fiber optic
20,90.8,1951,Month-to-month,Fiber optic
13,71.95,923.85,Month-to-month,DSL
28,89.95,2625.55,Month-to-month,Fiber optic
53,91.15,4862.5,One year,Fiber optic
7,20.0,137.6,Month-to-month,No
40,24.8,1024.7,Two year,No
68,24.15,1498.85,Two year,No
1,70.65,70.65,Month-to-month,Fiber optic
62,106.05,6703.5,One year,Fiber optic
28,91.25,2483.65,One year,Fiber optic
62,89.1,5618.3,Month-to-month,Fiber optic
21,45.65,985.05,Month-to-month,DSL
41,101.1,4016.2,One year,Fiber optic
6,69.8,377.85,Month-to-month,Fiber optic
49,90.05,4547.25,Month-to-month,Fiber optic
67,109.4,7281.6,One year,Fiber optic
45,100.3,4483.95,One year,Fiber optic
59,19.3,1192.7,Two year,No
1,91.7,91.7,Month-to-month,Fiber optic
72,104.9,7537.5,One year,Fiber optic
67,20.8,1411.9,Two year,No
44,19.6,780.25,Month-to-month,No
1,44.0,44,Month-to-month,DSL
71,105.9,7521.95,One year,Fiber optic
5,71.45,371.6,Month-to-month,Fiber optic
66,110.6,7210.85,One year,Fiber optic
32,93.5,2970.8,Month-to-month,Fiber optic
52,63.25,3342.45,Two year,DSL
1,44.4,44.4,Month-to-month,DSL
18,20.05,358.5,Month-to-month,No
66,54.8,3465.7,One year,DSL
38,79.45,3013.05,Month-to-month,Fiber optic
15,101.9,1667.25,One year,Fiber optic
46,99.65,4630.2,Two year,Fiber optic
65,100.15,6643.5,One year,Fiber optic
68,25.8,1911.5,Two year,No
13,97.0,1334.45,Month-to-month,Fiber optic
10,98.5,1058.25,Month-to-month,Fiber optic
25,19.5,516.3,One year,No
10,25.7,251.6,Two year,No
72,25.85,1872.2,Two year,No
3,50.25,152.3,Month-to-month,DSL
2,54.4,114.1,Month-to-month,DSL
38,81.0,3084.9,Two year,DSL
62,107.6,6912.7,Two year,Fiber optic
11,75.2,775.3,Month-to-month,Fiber optic
3,80.1,217.55,Month-to-month,Fiber optic
49,51.8,2541.25,One year,DSL
17,19.45,369.05,Two year,No
8,20.7,137.6,Month-to-month,No
2,50.2,109.25,Month-to-month,DSL
3,88.35,262.05,Month-to-month,Fiber optic
9,84.45,762.5,Month-to-month,Fiber optic
70,24.25,1724.15,Two year,No
32,94.8,3131.55,One year,Fiber optic
22,75.0,1573.95,Month-to-month,Fiber optic
14,19.5,272,One year,No
2,90.0,190.05,Month-to-month,Fiber optic
68,25.25,1728.2,Two year,No
14,20.4,275.7,One year,No
2,91.15,168.5,Month-to-month,Fiber optic
2,79.75,164.5,Month-to-month,Fiber optic
48,97.05,4692.95,One year,Fiber optic
6,49.15,270.8,Month-to-month,DSL
43,103.0,4414.3,Month-to-month,Fiber optic
36,75.55,2680.15,One year,DSL
66,99.5,6710.5,Month-to-month,Fiber optic
58,92.85,5305.05,Month-to-month,Fiber optic
23,90.05,2169.8,Month-to-month,Fiber optic
1,101.45,101.45,Month-to-month,Fiber optic
15,20.1,302.45,One year,No
71,100.2,7209,Two year,Fiber optic
12,89.15,1057.55,Month-to-month,Fiber optic
1,45.05,45.05,Month-to-month,DSL
9,49.2,447.9,Month-to-month,DSL
30,21.25,711.9,Two year,No
35,101.4,3496.3,Month-to-month,Fiber optic
49,52.15,2583.75,Month-to-month,DSL
61,61.45,3751.15,Two year,DSL
70,64.55,4504.9,Two year,DSL
10,100.6,1060.2,Month-to-month,Fiber optic
72,26.1,1851.45,Two year,No
62,54.75,3425.35,One year,DSL
8,45.45,411.75,Month-to-month,DSL
2,79.95,174.45,Month-to-month,Fiber optic
49,103.7,5036.3,Month-to-month,Fiber optic
1,19.45,19.45,Month-to-month,No
25,95.7,2338.35,Month-to-month,Fiber optic
72,75.1,5336.35,Two year,DSL
39,50.65,1905.4,Month-to-month,DSL
3,69.15,235,Month-to-month,DSL
69,103.95,7446.9,Month-to-month,Fiber optic
16,19.75,294.9,Month-to-month,No
12,33.6,435.45,One year,DSL
71,66.85,4748.7,One year,DSL
12,19.4,198.1,Month-to-month,No
71,106.8,7623.2,Two year,Fiber optic
46,56.9,2560.1,One year,DSL
72,92.65,6733,Two year,DSL
22,76.0,1783.6,One year,Fiber optic
1,55.7,55.7,Month-to-month,DSL
72,116.4,8543.25,Two year,Fiber optic
41,25.25,996.45,Month-to-month,No
53,94.85,5000.2,One year,Fiber optic
62,101.15,6638.35,Two year,Fiber optic
2,96.0,174.8,Month-to-month,Fiber optic
69,93.3,6398.05,Two year,Fiber optic
4,45.3,196.95,Month-to-month,DSL
9,59.5,530.05,Month-to-month,DSL
63,71.5,4576.3,One year,DSL
5,47.15,223.15,Month-to-month,DSL
41,20.65,835.15,Two year,No
5,93.9,486.85,Month-to-month,Fiber optic
2,95.5,181.65,Month-to-month,Fiber optic
33,61.05,2018.4,Two year,DSL
1,19.2,19.2,Month-to-month,No
51,25.5,1281.25,Two year,No
8,101.35,780.5,Month-to-month,Fiber optic
7,73.75,545.15,Month-to-month,Fiber optic
5,104.1,541.9,Month-to-month,Fiber optic
1,80.15,80.15,Month-to-month,Fiber optic
19,44.85,893.55,One year,DSL
36,99.15,3615.6,Month-to-month,Fiber optic
68,54.45,3674.95,One year,DSL
39,99.75,4036,Month-to-month,Fiber optic
15,80.2,1217.25,Month-to-month,Fiber optic
72,21.0,1493.75,Two year,No
7,34.2,256.6,Month-to-month,DSL
71,24.45,1730.65,Two year,No
14,65.45,937.6,Month-to-month,DSL
22,20.45,471.55,Month-to-month,No
72,117.35,8436.25,Two year,Fiber optic
52,91.6,4627.8,Two year,Fiber optic
35,62.1,2096.1,Month-to-month,DSL
50,20.15,930.9,Two year,No
57,99.65,5497.05,Month-to-month,Fiber optic
67,112.35,7388.45,One year,Fiber optic
11,79.5,795.65,Month-to-month,Fiber optic
35,69.0,2441.7,One year,DSL
1,73.55,73.55,Month-to-month,Fiber optic
29,74.2,1993.25,Month-to-month,Fiber optic
32,20.55,654.55,One year,No
20,51.8,1023.85,Month-to-month,DSL
22,19.05,454.05,Month-to-month,No
26,74.95,1834.95,Month-to-month,Fiber optic
22,56.75,1304.85,Two year,DSL
70,25.15,1940.85,Two year,No
68,85.3,5560,Two year,DSL
17,90.95,1612.2,Month-to-month,Fiber optic
2,30.9,59.05,Month-to-month,DSL
55,19.7,1140.05,One year,No
38,104.85,3887.25,One year,Fiber optic
7,34.65,246.6,Month-to-month,DSL
5,85.75,470.95,Month-to-month,Fiber optic
41,98.8,3959.15,Two year,Fiber optic
11,64.9,716.1,Month-to-month,DSL
71,83.3,5894.5,Two year,DSL
31,73.55,2094.65,Month-to-month,Fiber optic
68,90.8,6302.85,Two year,DSL
72,98.2,7015.9,Two year,Fiber optic
24,64.35,1558.65,Two year,DSL
11,100.75,1129.75,Month-to-month,Fiber optic
2,62.15,113.1,Month-to-month,DSL
72,108.4,7767.25,Two year,Fiber optic
12,19.7,220.35,Month-to-month,No
32,83.7,2633.3,One year,DSL
1,73.0,73,Month-to-month,Fiber optic
12,21.15,306.05,Month-to-month,No
43,101.4,4528,Month-to-month,Fiber optic
12,21.05,262.05,Two year,No
26,54.55,1362.85,One year,DSL
1,70.25,70.25,Month-to-month,Fiber optic
11,23.15,245.2,Month-to-month,No
28,30.1,810.85,Month-to-month,DSL
66,80.55,5265.1,Two year,DSL
20,96.8,1826.7,Month-to-month,Fiber optic
62,104.3,6613.65,One year,Fiber optic
1,74.2,74.2,Month-to-month,Fiber optic
21,80.35,1747.2,Month-to-month,Fiber optic
1,24.45,24.45,Month-to-month,DSL
38,94.9,3616.25,Two year,Fiber optic
18,83.25,1611.15,Month-to-month,DSL
60,20.5,1198.8,Two year,No
70,90.25,6385.95,One year,Fiber optic
67,69.9,4615.9,Two year,DSL
5,25.9,135,Month-to-month,No
66,115.8,7942.15,One year,Fiber optic
72,25.4,1797.1,Two year,No
72,84.1,6129.65,Two year,DSL
3,20.05,75.45,Month-to-month,No
48,20.05,1036,Two year,No
7,74.9,541.15,Month-to-month,Fiber optic
2,90.35,190.5,Month-to-month,Fiber optic
52,103.05,5364.8,Month-to-month,Fiber optic
38,20.2,746.05,Two year,No
72,20.35,1354.4,Two year,No
9,74.55,622.9,Month-to-month,Fiber optic
57,19.5,1167.6,Two year,No
13,44.0,659.35,Month-to-month,DSL
40,106.0,4178.65,One year,Fiber optic
39,19.85,854.8,Two year,No
33,110.45,3655.45,Month-to-month,Fiber optic
48,24.0,1183.05,Two year,No
10,29.65,291.4,Month-to-month,DSL
11,76.4,838.7,Month-to-month,Fiber optic
47,26.9,1250.85,One year,No
1,78.95,78.95,Month-to-month,Fiber optic
52,89.25,4652.4,Two year,DSL
66,85.25,5538.35,Two year,DSL
11,78.1,864.85,Month-to-month,Fiber optic
46,80.0,3769.7,Month-to-month,Fiber optic
44,96.1,4364.1,Month-to-month,Fiber optic
71,105.1,7548.1,Month-to-month,Fiber optic
22,55.15,1206.05,Month-to-month,DSL
23,77.15,1759.4,Two year,DSL
52,104.2,5568.35,Month-to-month,Fiber optic
72,19.4,1363.25,Two year,No
40,84.85,3303.05,Month-to-month,Fiber optic
69,95.65,6744.2,One year,Fiber optic
29,98.65,2862.75,Month-to-month,Fiber optic
72,113.8,7845.8,Two year,Fiber optic
43,94.5,4156.8,Month-to-month,Fiber optic
67,26.3,1688.9,Two year,No
55,21.0,1210.3,Two year,No
71,24.5,1816.2,Two year,No
25,20.05,471.7,Month-to-month,No
1,20.95,20.95,Month-to-month,No
72,109.2,7878.3,Two year,Fiber optic
52,75.4,3865.45,One year,DSL
22,19.25,412.55,One year,No
68,76.75,5233.25,One year,DSL
10,70.1,659.65,Month-to-month,Fiber optic
10,100.25,1064.65,Month-to-month,Fiber optic
55,103.7,5656.75,One year,Fiber optic
56,24.9,1334,One year,No
46,110.2,4972.1,Month-to-month,Fiber optic
1,84.6,84.6,Month-to-month,Fiber optic
43,75.35,3161.4,Month-to-month,Fiber optic
39,105.65,4284.8,Month-to-month,Fiber optic
50,44.45,2188.45,One year,DSL
6,19.7,129.55,Month-to-month,No
45,24.45,1088.25,Two year,No
22,50.6,1073.3,Month-to-month,DSL
72,25.1,1857.85,Two year,No
7,100.4,715,Month-to-month,Fiber optic
1,19.75,19.75,Month-to-month,No
72,116.45,8013.55,Two year,Fiber optic
10,92.5,934.1,Month-to-month,Fiber optic
1,40.2,40.2,Month-to-month,DSL
48,69.55,3435.6,One year,DSL
26,19.6,471.85,One year,No
68,90.2,6297.65,Two year,Fiber optic
50,75.7,3876.2,One year,DSL
72,115.55,8312.4,Two year,Fiber optic
17,20.65,330.6,One year,No
66,107.35,7051.95,One year,Fiber optic
17,90.2,1454.15,Month-to-month,Fiber optic
20,64.15,1274.45,One year,DSL
28,103.3,2890.65,Month-to-month,Fiber optic
45,50.9,2298.55,Month-to-month,DSL
42,54.5,2301.15,Month-to-month,DSL
1,45.3,45.3,Month-to-month,DSL
24,75.4,1747.85,Month-to-month,Fiber optic
8,43.45,345.5,One year,DSL
12,33.15,444.75,One year,DSL
9,19.7,180.7,Month-to-month,No
43,80.45,3398.9,Month-to-month,Fiber optic
52,20.4,1090.65,One year,No
32,75.5,2324.7,Month-to-month,Fiber optic
1,69.1,69.1,Month-to-month,Fiber optic
72,117.6,8308.9,Two year,Fiber optic
6,85.35,489.45,Month-to-month,Fiber optic
62,48.7,3008.55,Two year,DSL
20,19.35,433.75,One year,No
34,90.05,3097,Month-to-month,Fiber optic
20,70.45,1470.95,Month-to-month,Fiber optic
51,49.65,2553.35,Month-to-month,DSL
72,20.25,1566.9,Two year,No
7,78.55,522.95,Month-to-month,Fiber optic
1,20.2,20.2,Month-to-month,No
8,54.65,482.25,Month-to-month,DSL
3,49.15,169.05,Month-to-month,DSL
31,80.45,2429.1,Month-to-month,Fiber optic
9,74.75,706.6,Month-to-month,Fiber optic
18,84.95,1443.65,Month-to-month,Fiber optic
52,85.35,4338.6,Month-to-month,Fiber optic
9,19.85,183.15,One year,No
69,19.3,1447.9,Two year,No
1,50.15,50.15,Month-to-month,DSL
33,24.5,740.3,Two year,No
16,20.6,330.25,Month-to-month,No
65,55.15,3673.15,Month-to-month,DSL
2,20.2,34.75,One year,No
13,96.85,1235.55,Month-to-month,Fiber optic
69,105.35,7240.65,Two year,Fiber optic
9,79.9,741.7,Month-to-month,Fiber optic
37,72.1,2658.4,One year,DSL
37,55.05,2030.75,Month-to-month,DSL
54,79.95,4362.05,Two year,Fiber optic
35,50.15,1655.35,Month-to-month,DSL
8,19.65,169.75,Month-to-month,No
54,20.5,1035.7,Two year,No
16,74.45,1261.35,Month-to-month,Fiber optic
11,64.9,697.25,One year,DSL
34,30.4,938.65,One year,DSL
9,44.95,431,Month-to-month,DSL
72,25.0,1849.2,Two year,No
17,51.5,900.5,Month-to-month,DSL
2,44.9,111.05,Month-to-month,DSL
41,89.2,3645.75,Month-to-month,Fiber optic
37,64.75,2345.2,Month-to-month,DSL
49,89.85,4287.2,One year,Fiber optic
53,74.1,3833.95,One year,DSL
2,29.05,44.75,Month-to-month,DSL
54,79.5,4370.25,Month-to-month,Fiber optic
1,49.9,49.9,Month-to-month,DSL
27,20.05,552.9,One year,No
12,20.4,266.6,Month-to-month,No
11,70.2,834.7,Month-to-month,Fiber optic
25,35.05,844.45,Two year,DSL
3,19.45,69.25,One year,No
2,80.2,181.1,Month-to-month,Fiber optic
13,19.55,265.3,Two year,No
25,98.5,2514.5,Month-to-month,Fiber optic
10,80.7,788.8,Month-to-month,Fiber optic
67,109.9,7332.4,One year,Fiber optic
72,90.95,6652.45,Two year,DSL
9,20.15,238.15,Month-to-month,No
50,70.35,3454.6,Month-to-month,DSL
16,100.0,1534.75,Month-to-month,Fiber optic
12,85.15,979.05,One year,Fiber optic
9,75.2,633.85,Month-to-month,Fiber optic
35,19.25,677.9,Two year,No
20,76.0,1588.75,One year,DSL
13,54.45,706.85,Month-to-month,DSL
9,103.1,970.45,Month-to-month,Fiber optic
65,19.9,1292.6,Two year,No
41,24.85,962.25,One year,No
58,102.1,5885.4,Month-to-month,Fiber optic
12,74.75,827.05,Month-to-month,DSL
21,44.95,926.25,Month-to-month,DSL
1,80.2,80.2,Month-to-month,Fiber optic
1,20.05,20.05,Month-to-month,No
13,20.0,268.45,Two year,No
1,44.05,44.05,Month-to-month,DSL
11,65.15,723.35,Month-to-month,DSL
66,103.15,7031.3,One year,Fiber optic
58,110.65,6526.65,One year,Fiber optic
1,90.85,90.85,Month-to-month,Fiber optic
31,21.0,697.7,Two year,No
1,19.9,19.9,Month-to-month,No
15,20.05,284.3,Month-to-month,No
6,48.8,297.35,Month-to-month,DSL
63,25.25,1559.3,Two year,No
71,69.2,4982.5,One year,DSL
1,45.05,45.05,Month-to-month,DSL
17,70.4,1214.05,Month-to-month,Fiber optic
3,45.45,141.7,Month-to-month,DSL
1,20.25,20.25,Month-to-month,No
62,24.4,1413,Two year,No
53,99.5,5424.25,Two year,Fiber optic
16,73.25,1195.75,Month-to-month,Fiber optic
72,64.95,4546,Two year,DSL
10,36.25,374,Month-to-month,DSL
19,20.2,387.4,Two year,No
35,19.85,739.35,Two year,No
13,95.05,1290,Month-to-month,Fiber optic
2,24.35,41.85,Month-to-month,DSL
15,89.0,1288.3,Month-to-month,Fiber optic
10,20.55,252.75,Month-to-month,No
12,45.9,505.95,Month-to-month,DSL
31,90.7,2835.5,One year,Fiber optic
44,88.4,3912.9,One year,Fiber optic
18,85.2,1553.9,Month-to-month,Fiber optic
43,75.2,3254.35,Two year,DSL
15,101.25,1457.25,Month-to-month,Fiber optic
15,75.35,1114.55,Month-to-month,Fiber optic
1,24.8,24.8,Month-to-month,DSL
45,25.9,1216.6,One year,No
47,19.65,973.1,Two year,No
29,58.75,1696.2,One year,DSL
48,79.65,3870.3,Two year,DSL
8,20.0,141.6,Two year,No
62,105.5,6487.2,Month-to-month,Fiber optic
66,25.3,1673.8,Two year,No
3,20.0,63.6,Month-to-month,No
32,109.55,3608,One year,Fiber optic
16,39.0,679.85,Month-to-month,DSL
40,105.95,4335.2,One year,Fiber optic
8,20.25,174.65,Two year,No
4,58.5,224.85,Month-to-month,DSL
70,79.25,5731.85,Two year,DSL
1,25.3,25.3,Month-to-month,DSL
68,107.7,7320.9,Month-to-month,Fiber optic
44,54.3,2317.1,One year,DSL
7,62.8,418.3,Month-to-month,DSL
71,89.85,6293.45,Two year,DSL
43,77.85,3365.85,Month-to-month,Fiber optic
13,104.15,1299.1,One year,Fiber optic
67,24.65,1620.45,Two year,No
1,19.75,19.75,Month-to-month,No
46,20.2,845.6,One year,No
66,102.45,6615.15,One year,Fiber optic
40,74.55,3015.75,Month-to-month,DSL
67,94.35,6341.45,One year,Fiber optic
35,25.75,882.55,Month-to-month,No
39,80.0,3182.95,One year,DSL
1,70.4,70.4,Month-to-month,Fiber optic
63,19.15,1177.05,Two year,No
1,48.95,48.95,Month-to-month,DSL
1,85.0,85,Month-to-month,Fiber optic
10,20.0,185.4,Month-to-month,No
1,74.95,74.95,Month-to-month,Fiber optic
64,92.85,5980.75,One year,Fiber optic
16,20.1,318.6,One year,No
71,80.45,5662.25,Two year,DSL
10,95.2,930.4,Month-to-month,Fiber optic
23,104.45,2184.85,Month-to-month,Fiber optic
1,85.45,85.45,Month-to-month,Fiber optic
26,51.55,1295.4,One year,DSL
54,84.4,4484.05,One year,Fiber optic
7,79.65,604.7,Month-to-month,Fiber optic
5,19.25,86.05,Month-to-month,No
36,97.35,3457.9,Month-to-month,Fiber optic
10,86.45,830.85,Month-to-month,Fiber optic
3,23.6,89.05,Month-to-month,No
5,67.95,350.3,Month-to-month,DSL
51,93.8,4750.95,Month-to-month,Fiber optic
12,19.45,246.25,Month-to-month,No
33,79.95,2684.85,One year,Fiber optic
30,48.8,1536.75,Month-to-month,DSL
71,115.15,8078.1,Two year,Fiber optic
1,69.25,69.25,Month-to-month,Fiber optic
2,70.4,147.15,Month-to-month,Fiber optic
13,19.95,243.65,Two year,No
18,85.6,1601.5,Month-to-month,Fiber optic
66,45.55,3027.25,One year,DSL
67,25.25,1733.15,Two year,No
8,25.25,186.3,Month-to-month,DSL
3,80.3,250.05,Month-to-month,Fiber optic
37,24.1,861.85,Two year,No
69,109.95,7634.25,Two year,Fiber optic
51,23.95,1216.35,One year,No
6,18.95,110.15,Month-to-month,No
30,20.7,587.1,One year,No
70,24.05,1764.75,Two year,No
59,86.75,5186,Two year,DSL
42,79.35,3344.1,Month-to-month,Fiber optic
1,19.65,19.65,Month-to-month,No
3,18.8,56,Month-to-month,No
2,95.65,167.3,Month-to-month,Fiber optic
13,19.75,246.7,Two year,No
22,49.8,1049.05,Month-to-month,DSL
53,111.8,5809.75,One year,Fiber optic
44,94.4,4295.35,One year,Fiber optic
72,115.8,8424.9,Two year,Fiber optic
70,114.3,8244.3,Two year,Fiber optic
1,19.75,19.75,Month-to-month,No
7,61.4,438.9,Month-to-month,DSL
72,112.4,8046.85,Two year,Fiber optic
4,78.9,299.75,Month-to-month,Fiber optic
11,99.55,1131.2,Month-to-month,Fiber optic
22,83.3,1845.9,Month-to-month,Fiber optic
60,100.5,6029,One year,Fiber optic
26,87.15,2274.1,One year,Fiber optic
37,98.8,3475.55,Month-to-month,Fiber optic
6,109.9,669.45,Month-to-month,Fiber optic
36,84.75,3050.15,Month-to-month,Fiber optic
72,69.65,4908.25,Two year,DSL
63,110.1,6705.7,Two year,Fiber optic
27,19.7,509.3,Two year,No
2,55.05,102.75,Month-to-month,DSL
35,33.45,1175.85,Month-to-month,DSL
15,19.65,270.6,One year,No
13,74.3,940.35,Month-to-month,Fiber optic
65,94.4,6126.15,Month-to-month,Fiber optic
9,74.65,703.55,Month-to-month,DSL
2,100.2,198.5,Month-to-month,Fiber optic
10,81.0,818.05,Month-to-month,Fiber optic
11,19.65,225.75,Two year,No
36,19.25,679.8,One year,No
27,83.85,2310.2,Month-to-month,DSL
72,83.6,5959.3,Two year,DSL
61,69.9,4226.7,Two year,DSL
58,105.5,6205.5,One year,Fiber optic
22,87.0,1850.65,Month-to-month,Fiber optic
5,90.8,455.5,Month-to-month,Fiber optic
26,95.0,2497.2,Month-to-month,Fiber optic
61,99.0,5969.3,One year,Fiber optic
40,101.85,4086.3,Month-to-month,Fiber optic
65,99.1,6496.15,Month-to-month,Fiber optic
3,107.95,318.6,Month-to-month,Fiber optic
27,48.7,1421.75,One year,DSL
69,79.45,5502.55,Two year,DSL
54,59.8,3246.45,Two year,DSL
29,67.45,1801.1,Month-to-month,DSL
6,89.35,567.8,Month-to-month,Fiber optic
18,19.25,331.35,Month-to-month,No
2,69.8,134.7,Month-to-month,Fiber optic
22,20.05,470.2,Month-to-month,No
26,19.65,494.9,Two year,No
11,86.2,893.2,Month-to-month,Fiber optic
57,74.3,4018.35,Month-to-month,Fiber optic
4,19.65,67.55,Month-to-month,No
36,84.9,3067.2,Month-to-month,Fiber optic
67,19.45,1195.95,One year,No
55,50.55,2832.75,Month-to-month,DSL
27,95.0,2462.55,Month-to-month,Fiber optic
1,45.7,45.7,Month-to-month,DSL
50,20.15,970.85,Two year,No
72,93.25,6688.95,Two year,DSL
3,55.3,196.15,Month-to-month,DSL
70,58.35,4214.25,Two year,DSL
71,111.25,7984.15,Two year,Fiber optic
4,20.35,76.35,Month-to-month,No
8,74.6,548.9,Month-to-month,Fiber optic
32,19.9,601.55,Month-to-month,No
12,75.85,854.45,One year,DSL
10,85.95,858.6,Month-to-month,Fiber optic
48,82.05,4029.95,One year,Fiber optic
57,95.25,5464.65,Two year,Fiber optic
9,80.55,653.9,Month-to-month,Fiber optic
12,83.8,1029.75,Month-to-month,Fiber optic
1,45.85,45.85,Month-to-month,DSL
23,83.2,2032.3,Month-to-month,Fiber optic
72,84.7,5893.9,Two year,DSL
1,45.65,45.65,Month-to-month,DSL
8,20.35,178.7,Month-to-month,No
3,19.85,57.2,Month-to-month,No
18,19.65,411.25,One year,No
22,100.75,2095,Month-to-month,Fiber optic
27,19.9,550.1,Two year,No
38,99.55,3734.25,Month-to-month,Fiber optic
72,110.3,7966.9,Two year,Fiber optic
69,59.75,4069.9,Two year,DSL
11,79.0,929.3,Month-to-month,Fiber optic
14,19.95,268.4,Month-to-month,No
57,84.5,4845.4,Two year,DSL
35,20.1,644.5,One year,No
2,60.95,134.6,Month-to-month,DSL
23,106.4,2483.5,Month-to-month,Fiber optic
46,20.05,902,Two year,No
12,19.45,227.45,Month-to-month,No
7,51.3,419.35,Month-to-month,DSL
6,25.4,153.3,Two year,No
1,75.05,75.05,Month-to-month,Fiber optic
63,109.25,6841.4,Two year,Fiber optic
61,59.8,3641.5,Month-to-month,DSL
31,87.6,2724.25,Month-to-month,Fiber optic
26,80.5,2088.8,Month-to-month,Fiber optic
33,54.65,1665.2,Month-to-month,DSL
72,65.65,4664.5,Two year,DSL
41,74.7,3187.65,One year,DSL
61,84.9,5264.5,One year,DSL
15,18.8,294.95,One year,No
55,50.05,2743.45,One year,DSL
47,107.35,5118.95,Month-to-month,Fiber optic
54,101.5,5373.1,One year,Fiber optic
1,20.3,20.3,Month-to-month,No
47,106.35,4849.1,Month-to-month,Fiber optic
62,115.05,7133.45,One year,Fiber optic
67,20.85,1327.4,One year,No
37,65.6,2313.8,Two year,DSL
53,73.8,4003.85,Month-to-month,Fiber optic
62,81.0,4985.9,Two year,DSL
14,20.05,299.3,Month-to-month,No
6,19.7,111.65,Month-to-month,No
27,101.9,2681.15,One year,Fiber optic
58,20.3,1131.5,Two year,No
49,99.05,4853.75,Month-to-month,Fiber optic
69,73.7,4885.85,One year,DSL
70,80.4,5717.85,Two year,DSL
1,20.9,20.9,Month-to-month,No
13,55.15,742.9,One year,DSL
1,24.9,24.9,Month-to-month,DSL
9,75.5,637.4,Month-to-month,Fiber optic
64,84.3,5289.05,One year,Fiber optic
3,65.25,209.9,Month-to-month,DSL
11,54.55,601.25,Month-to-month,DSL
51,44.45,2181.55,Month-to-month,DSL
64,66.15,4392.5,One year,DSL
13,20.3,275.4,Month-to-month,No
17,70.0,1144.5,Month-to-month,Fiber optic
17,70.35,1201.65,One year,DSL
32,30.15,927.65,One year,DSL
70,67.95,4664.15,Two year,DSL
1,79.55,79.55,Month-to-month,Fiber optic
45,95.0,4368.85,One year,Fiber optic
44,84.8,3862.55,Month-to-month,Fiber optic
12,25.25,274.7,Two year,No
71,19.85,1379.6,Two year,No
2,76.4,151.8,Month-to-month,Fiber optic
9,65.0,663.05,Month-to-month,DSL
7,25.05,189.95,Month-to-month,DSL
18,75.9,1373.05,Month-to-month,Fiber optic
4,72.2,305.55,Month-to-month,Fiber optic
15,19.6,299.4,Month-to-month,No
69,99.15,6875.35,Two year,Fiber optic
1,44.45,44.45,Month-to-month,DSL
1,84.65,84.65,Month-to-month,Fiber optic
7,24.35,150.85,One year,DSL
58,59.75,3624.35,Two year,DSL
45,115.65,5125.5,Month-to-month,Fiber optic
36,76.35,2606.35,One year,DSL
27,84.8,2309.55,Month-to-month,DSL
65,104.35,6578.55,Month-to-month,Fiber optic
72,116.05,8404.9,Two year,Fiber optic
15,25.2,387.9,Two year,No
2,70.3,132.4,Month-to-month,DSL
64,100.05,6254.2,One year,Fiber optic
13,100.35,1358.85,Month-to-month,Fiber optic
70,80.15,5600.15,Two year,DSL
1,54.35,54.35,Month-to-month,DSL
20,90.7,1781.35,Month-to-month,Fiber optic
59,24.45,1493.1,Two year,No
31,89.45,2807.65,Month-to-month,Fiber optic
36,65.4,2498.4,One year,DSL
1,89.1,89.1,Month-to-month,Fiber optic
1,20.1,20.1,Month-to-month,No
9,19.05,157.65,Month-to-month,No
54,24.75,1342.15,One year,No
61,19.4,1182.55,Month-to-month,No
5,75.9,357.75,Month-to-month,Fiber optic
41,74.55,3023.55,Month-to-month,DSL
72,84.45,6033.1,Two year,DSL
27,69.05,1793.25,Month-to-month,Fiber optic
35,55.0,2010.55,Month-to-month,DSL
16,96.15,1529.2,Month-to-month,Fiber optic
17,19.95,310.6,One year,No
62,24.8,1476.25,One year,No
1,72.1,72.1,Month-to-month,Fiber optic
13,74.65,966.25,One year,Fiber optic
10,74.75,799.65,Month-to-month,Fiber optic
4,50.85,239.55,Month-to-month,DSL
10,20.35,176.3,One year,No
42,94.2,4186.3,Month-to-month,Fiber optic
1,19.95,19.95,Month-to-month,No
67,87.4,5918.8,One year,Fiber optic
62,20.05,1263.9,Two year,No
18,93.9,1743.9,Month-to-month,Fiber optic
12,84.6,1017.35,Month-to-month,Fiber optic
9,50.1,484.05,Month-to-month,DSL
72,25.75,1864.2,Two year,No
59,20.2,1192.3,Two year,No
30,79.3,2427.1,One year,DSL
70,98.9,6838.6,One year,Fiber optic
69,20.15,1337.5,Two year,No
47,20.05,1016.7,Two year,No
12,59.8,727.8,One year,DSL
42,84.3,3588.4,Month-to-month,Fiber optic
59,99.5,5961.1,One year,Fiber optic
45,102.15,4735.35,One year,Fiber optic
10,70.3,738.2,Month-to-month,Fiber optic
49,78.0,3824.2,One year,DSL
58,25.15,1509.9,Two year,No
21,60.05,1236.15,Month-to-month,DSL
7,75.35,564.65,Month-to-month,Fiber optic
28,54.4,1516.6,One year,DSL
32,104.9,3351.55,Month-to-month,Fiber optic
46,101.1,4674.4,One year,Fiber optic
12,96.05,1148.1,Month-to-month,Fiber optic
9,89.45,853.1,Month-to-month,Fiber optic
11,73.85,926.25,Month-to-month,Fiber optic
2,20.35,33.2,Month-to-month,No
2,85.85,167.3,Month-to-month,Fiber optic
54,110.35,5893.15,One year,Fiber optic
24,94.6,2283.15,Month-to-month,Fiber optic
3,69.85,199.85,Month-to-month,Fiber optic
1,45.75,45.75,Month-to-month,DSL
41,68.5,2839.95,One year,DSL
39,55.9,2184.35,Month-to-month,DSL
6,19.45,113.5,One year,No
42,22.95,1014.25,Two year,No
32,100.4,3217.65,Month-to-month,Fiber optic
2,51.55,106.2,Month-to-month,DSL
59,64.05,3886.85,Two year,DSL
1,80.8,80.8,Month-to-month,Fiber optic
15,19.8,272.95,Month-to-month,No
10,21.2,222.65,Month-to-month,No
7,69.85,515.45,Month-to-month,Fiber optic
23,79.35,1835.3,Month-to-month,Fiber optic
69,19.95,1399.35,Two year,No
23,75.4,1643.55,Month-to-month,Fiber optic
40,80.75,3208.65,One year,DSL
6,80.25,493.4,Two year,DSL
46,93.7,4154.8,Month-to-month,Fiber optic
68,19.35,1292.65,Two year,No
41,109.1,4454.25,One year,Fiber optic
39,41.15,1700.9,One year,DSL
21,54.6,1125.2,Month-to-month,DSL
37,70.35,2552.9,Month-to-month,Fiber optic
60,99.65,5941.05,Two year,Fiber optic
36,92.9,3379.25,Two year,DSL
35,106.9,3756.45,Month-to-month,Fiber optic
72,99.9,7251.7,Two year,Fiber optic
72,89.05,6254.45,Two year,DSL
7,69.35,451.1,Month-to-month,Fiber optic
1,70.6,70.6,Month-to-month,Fiber optic
66,19.7,1253.8,Two year,No
31,99.45,3109.9,Two year,Fiber optic
7,93.85,635.6,Month-to-month,Fiber optic
2,70.2,115.95,Month-to-month,Fiber optic
54,94.75,5121.75,One year,Fiber optic
1,24.05,24.05,Month-to-month,No
71,73.35,5154.5,Two year,DSL
4,20.7,73.05,Month-to-month,No
3,79.4,244.65,Month-to-month,Fiber optic
17,64.7,1093.1,Month-to-month,DSL
52,79.75,4217.8,Two year,DSL
2,20.3,31.9,One year,No
14,105.95,1348.9,One year,Fiber optic
10,70.3,676.15,One year,DSL
2,20.25,36.8,Month-to-month,No
57,59.6,3509.4,One year,DSL
13,70.45,849.1,Month-to-month,Fiber optic
64,102.1,6688.1,One year,Fiber optic
57,41.1,2258.25,One year,DSL
71,76.05,5436.45,Two year,Fiber optic
1,70.6,70.6,Month-to-month,Fiber optic
1,75.1,75.1,Month-to-month,Fiber optic
1,44.6,44.6,Month-to-month,DSL
53,95.85,5016.25,One year,Fiber optic
1,60.15,60.15,Month-to-month,DSL
60,97.95,5867,One year,Fiber optic
1,45.0,45,Month-to-month,DSL
16,81.0,1312.15,Month-to-month,Fiber optic
70,19.7,1341.5,One year,No
66,89.0,5898.6,One year,Fiber optic
25,79.85,2015.35,Month-to-month,Fiber optic
1,19.15,19.15,Month-to-month,No
37,67.45,2443.3,One year,DSL
1,19.45,19.45,Month-to-month,No
4,79.15,317.25,Month-to-month,Fiber optic
3,44.6,122.7,Month-to-month,DSL
29,66.1,1912.15,Month-to-month,DSL
61,75.35,4729.3,Two year,DSL
72,116.75,8277.05,Two year,Fiber optic
68,103.25,7074.4,Two year,Fiber optic
1,20.15,20.15,Month-to-month,No
51,19.55,1086.75,Two year,No
8,103.35,847.3,Month-to-month,Fiber optic
69,110.05,7430.75,Two year,Fiber optic
14,19.35,324.8,One year,No
62,101.35,6164.7,Month-to-month,Fiber optic
50,83.4,4113.7,Month-to-month,Fiber optic
71,84.8,6046.1,One year,DSL
38,62.3,2354.8,One year,DSL
58,98.7,5812.6,Month-to-month,Fiber optic
48,24.35,1133.7,One year,No
2,40.4,77.15,Month-to-month,DSL
29,60.2,1834.15,Month-to-month,DSL
66,58.2,3810.8,Two year,DSL
66,104.05,6890,One year,Fiber optic
54,46.0,2424.05,Two year,DSL
66,59.75,3996.8,Two year,DSL
18,20.1,401.85,One year,No
2,34.7,62.25,Month-to-month,DSL
3,19.6,61.35,One year,No
1,25.1,25.1,Month-to-month,DSL
1,19.0,19,Month-to-month,No
49,85.3,4297.95,Month-to-month,Fiber optic
72,85.9,6110.75,Two year,DSL
2,44.5,90.05,Month-to-month,DSL
11,20.55,184.95,One year,No
3,19.3,54.7,Month-to-month,No
33,88.6,2888.7,Month-to-month,Fiber optic
8,25.5,215.2,Month-to-month,DSL
63,98.0,6218.45,Two year,Fiber optic
11,20.1,221.35,Month-to-month,No
36,40.65,1547.35,Two year,DSL
8,94.75,759.55,Month-to-month,Fiber optic
10,34.7,329.8,Month-to-month,DSL
3,75.1,270.7,Month-to-month,Fiber optic
29,68.85,1970.5,Month-to-month,DSL
64,53.85,3399.85,One year,DSL
50,108.25,5431.4,One year,Fiber optic
1,69.75,69.75,Month-to-month,Fiber optic
7,75.15,496.9,Month-to-month,Fiber optic
14,51.45,727.85,One year,DSL
1,70.6,70.6,Month-to-month,Fiber optic
3,70.3,235.5,Month-to-month,Fiber optic
3,64.6,174.2,Month-to-month,DSL
2,75.9,143.35,Month-to-month,Fiber optic
36,35.35,1317.95,One year,DSL
68,103.75,7039.45,Two year,Fiber optic
33,83.85,2716.3,Month-to-month,Fiber optic
9,98.3,923.5,Month-to-month,Fiber optic
32,85.0,2642.05,Month-to-month,Fiber optic
22,54.2,1152.7,Month-to-month,DSL
19,89.1,1620.8,Month-to-month,Fiber optic
67,60.4,3953.7,Two year,DSL
41,19.7,804.25,Two year,No
3,85.8,272.2,Month-to-month,Fiber optic
52,19.65,1025.05,Two year,No
1,81.95,81.95,Month-to-month,Fiber optic
2,65.7,134.35,Month-to-month,DSL
2,87.15,183.75,Month-to-month,Fiber optic
8,19.35,152.6,Month-to-month,No
42,95.55,3930.6,Month-to-month,Fiber optic
13,70.15,916.75,Month-to-month,Fiber optic
8,71.15,563.65,Month-to-month,DSL
53,19.05,990.45,One year,No
15,83.2,1130,Month-to-month,Fiber optic
39,50.75,2011.4,Month-to-month,DSL
27,36.5,1032,Month-to-month,DSL
1,100.25,100.25,Month-to-month,Fiber optic
46,21.1,937.1,Two year,No
17,80.5,1336.9,Month-to-month,Fiber optic
51,19.4,997.75,One year,No
9,85.3,781.4,Month-to-month,Fiber optic
45,100.15,4459.8,One year,Fiber optic
69,105.0,7297.75,Two year,Fiber optic
57,19.75,1272.05,Two year,No
22,49.45,1031.4,One year,DSL
1,80.55,80.55,Month-to-month,Fiber optic
10,51.65,524.5,Month-to-month,DSL
32,20.05,614.45,Two year,No
16,79.95,1267.95,Month-to-month,Fiber optic
57,95.0,5535.8,One year,Fiber optic
18,19.65,391.7,Month-to-month,No
41,66.5,2728.6,One year,DSL
14,76.45,1117.55,Month-to-month,Fiber optic
9,94.75,889.9,Month-to-month,Fiber optic
13,100.8,1308.1,Month-to-month,Fiber optic
1,75.1,75.1,Month-to-month,Fiber optic
68,100.3,6754.35,One year,Fiber optic
48,20.2,1027.25,Two year,No
13,106.9,1364.3,Month-to-month,Fiber optic
2,55.1,113.35,Month-to-month,DSL
32,74.75,2282.95,One year,DSL
51,60.5,3145.15,One year,DSL
1,69.55,69.55,Month-to-month,Fiber optic
25,19.9,527.5,One year,No
14,18.8,255.55,Two year,No
30,70.25,2198.9,One year,DSL
72,117.5,8670.1,Two year,Fiber optic
56,85.6,4902.8,Month-to-month,Fiber optic
72,97.95,7114.25,Two year,Fiber optic
53,19.4,1110.35,Two year,No
3,55.9,157.55,Month-to-month,DSL
39,75.25,3017.65,Month-to-month,Fiber optic
40,101.3,4113.1,Month-to-month,Fiber optic
60,19.95,1189.9,Two year,No
68,80.65,5330.2,Two year,DSL
52,79.2,4016.3,Two year,DSL
23,40.65,947.4,One year,DSL
61,81.05,4747.65,Two year,DSL
67,19.25,1372.9,Two year,No
66,85.9,5595.3,Two year,DSL
8,24.4,203.95,One year,No
35,59.45,2136.9,Month-to-month,DSL
62,38.6,2345.55,Two year,DSL
1,83.4,83.4,Month-to-month,Fiber optic
1,20.45,20.45,Month-to-month,No
41,19.3,772.4,Two year,No
72,98.35,6929.4,Two year,Fiber optic
5,92.5,452.7,Month-to-month,Fiber optic
71,114.6,8100.25,Two year,Fiber optic
1,73.65,73.65,Month-to-month,Fiber optic
1,43.85,43.85,Month-to-month,DSL
62,26.0,1638.7,Two year,No
47,21.3,1041.8,Two year,No
16,94.45,1511.2,Month-to-month,Fiber optic
61,101.15,6383.9,One year,Fiber optic
23,19.3,486.2,One year,No
12,89.4,1095.65,Month-to-month,Fiber optic
27,80.85,2204.35,One year,DSL
38,20.25,814.75,One year,No
29,20.0,599.3,One year,No
64,25.55,1714.95,Two year,No
51,20.65,1020.75,Two year,No
51,59.9,3043.6,One year,DSL
27,49.0,1291.35,Month-to-month,DSL
5,63.95,318.1,Month-to-month,DSL
72,95.1,6843.15,Two year,Fiber optic
51,78.65,3950.85,One year,DSL
14,89.8,1129.1,Month-to-month,Fiber optic
22,55.1,1253.15,Month-to-month,DSL
41,102.6,4213.35,One year,Fiber optic
42,20.75,844.45,Two year,No
4,70.15,268.35,Month-to-month,Fiber optic
72,90.35,6563.4,Two year,Fiber optic
4,20.05,85.5,Month-to-month,No
20,60.0,1259.35,Month-to-month,DSL
22,65.25,1441.8,One year,DSL
37,104.5,3778,One year,Fiber optic
1,49.55,49.55,Month-to-month,DSL
20,98.55,1842.8,Month-to-month,Fiber optic
25,74.6,1797.75,Month-to-month,Fiber optic
4,78.45,330.05,Month-to-month,Fiber optic
72,25.55,1867.7,Two year,No
32,19.4,641.15,Month-to-month,No
59,19.5,1222.65,Two year,No
35,19.25,617.65,Month-to-month,No
53,62.85,3419.5,One year,DSL
71,79.05,5552.5,One year,Fiber optic
11,97.85,1105.4,Month-to-month,Fiber optic
52,19.85,1070.5,Two year,No
43,35.2,1463.7,One year,DSL
23,25.6,514.75,Two year,No
11,50.55,565.35,Month-to-month,DSL
28,105.7,2979.5,Month-to-month,Fiber optic
63,99.65,6311.2,One year,Fiber optic
13,59.9,788.35,Month-to-month,DSL
17,94.4,1617.5,Month-to-month,Fiber optic
3,86.05,244.85,Month-to-month,Fiber optic
4,45.65,191.05,Month-to-month,DSL
47,87.2,4017.45,Month-to-month,Fiber optic
69,59.1,4134.7,One year,DSL
3,79.1,246.5,Month-to-month,Fiber optic
11,25.0,300.7,Two year,No
8,94.45,742.95,Month-to-month,Fiber optic
4,19.0,78.9,Month-to-month,No
53,53.6,2879.2,One year,DSL
20,20.0,417.65,Month-to-month,No
5,45.4,214.75,Month-to-month,DSL
4,70.05,266.9,Month-to-month,Fiber optic
62,65.1,3846.75,Two year,DSL
44,89.15,3990.75,One year,Fiber optic
3,19.8,58.15,Month-to-month,No
72,84.2,5986.55,Two year,DSL
12,19.7,258.35,Two year,No
2,97.1,184.15,Month-to-month,Fiber optic
48,19.25,855.1,Two year,No
4,56.4,234.85,Month-to-month,DSL
34,85.35,2896.6,Month-to-month,Fiber optic
62,74.3,4698.05,One year,DSL
1,80.85,80.85,Month-to-month,Fiber optic
53,77.4,4155.95,One year,DSL
22,89.75,1938.9,Month-to-month,Fiber optic
72,73.0,5265.2,Two year,DSL
3,95.4,293.15,Month-to-month,Fiber optic
1,19.85,19.85,One year,No
67,104.0,7039.05,Two year,Fiber optic
4,64.4,253,Month-to-month,DSL
26,20.05,505.9,One year,No
2,86.0,165.45,Month-to-month,Fiber optic
2,19.95,38.15,Month-to-month,No
27,104.65,2964,One year,Fiber optic
64,54.6,3423.5,Two year,DSL
18,39.05,669.85,Month-to-month,DSL
67,79.7,5293.4,Two year,DSL
50,75.5,4025.6,One year,DSL
39,104.7,4134.85,One year,Fiber optic
4,88.45,370.65,Month-to-month,Fiber optic
11,104.05,1133.65,Month-to-month,Fiber optic
2,81.5,162.55,Month-to-month,Fiber optic
16,19.3,360.35,One year,No
38,84.25,3264.5,Month-to-month,Fiber optic
72,94.45,6921.7,Two year,Fiber optic
19,39.7,710.05,Month-to-month,DSL
1,20.05,20.05,Month-to-month,No
42,73.15,3088.25,One year,DSL
8,44.55,343.45,Two year,DSL
56,19.8,1119.9,Two year,No
62,71.4,4487.3,One year,DSL
2,53.45,119.5,Month-to-month,DSL
35,75.2,2576.2,Month-to-month,Fiber optic
30,19.8,576.65,One year,No
59,90.3,5194.05,Two year,DSL
65,108.05,7118.9,One year,Fiber optic
62,100.15,6413.65,One year,Fiber optic
40,61.9,2647.1,Month-to-month,DSL
24,99.65,2404.85,Month-to-month,Fiber optic
15,88.15,1390.6,Month-to-month,Fiber optic
35,61.0,2130.45,Month-to-month,DSL
51,85.5,4421.95,Two year,DSL
21,36.0,780.15,Month-to-month,DSL
66,90.05,5965.95,Two year,DSL
71,82.0,5999.85,Two year,DSL
57,100.6,5611.7,Month-to-month,Fiber optic
2,49.25,91.1,Month-to-month,DSL
6,80.8,457.1,Month-to-month,Fiber optic
46,19.4,967.85,Two year,No
25,75.5,1901.05,Month-to-month,Fiber optic
2,20.05,33.7,Month-to-month,No
25,89.1,2368.4,Month-to-month,Fiber optic
37,28.6,973.55,Month-to-month,DSL
33,104.4,3409.6,Month-to-month,Fiber optic
16,19.75,284.35,Two year,No
9,95.9,827.45,Month-to-month,Fiber optic
1,45.3,45.3,Month-to-month,DSL
4,20.4,94.5,Month-to-month,No
35,91.5,3236.35,Month-to-month,Fiber optic
37,19.8,695.05,One year,No
56,110.5,6139.5,One year,Fiber optic
27,19.4,460.25,Month-to-month,No
38,20.4,743.5,Two year,No
16,35.5,552.7,Month-to-month,DSL
65,105.5,6985.65,Month-to-month,Fiber optic
14,59.1,772.85,One year,DSL
5,89.5,477.7,Month-to-month,Fiber optic
72,106.3,7565.35,Two year,Fiber optic
4,50.7,214.55,Month-to-month,DSL
20,54.0,1055.9,One year,DSL
57,20.1,1087.7,Two year,No
65,94.55,6078.75,Two year,Fiber optic
4,85.65,321.65,Month-to-month,Fiber optic
32,19.75,624.15,One year,No
45,19.2,903.7,Two year,No
22,83.05,1799.3,Month-to-month,Fiber optic
34,88.85,3000.25,Month-to-month,Fiber optic
47,86.95,4138.9,One year,DSL
18,20.05,388.6,Two year,No
1,79.6,79.6,Month-to-month,Fiber optic
6,44.7,276.5,Month-to-month,DSL
36,34.85,1267.2,Month-to-month,DSL
35,73.45,2661.1,One year,DSL
25,88.95,2291.2,Month-to-month,Fiber optic
5,51.35,262.3,Month-to-month,DSL
4,48.25,202.25,Month-to-month,DSL
47,58.9,2813.05,One year,DSL
52,39.9,2020.9,Month-to-month,DSL
4,20.85,62.9,Month-to-month,No
68,53.0,3656.25,Two year,DSL
21,20.5,429.55,One year,No
64,104.4,6721.6,One year,Fiber optic
1,80.25,80.25,Month-to-month,Fiber optic
2,66.4,94.55,Month-to-month,DSL
55,85.1,4600.95,Month-to-month,Fiber optic
72,105.25,7609.75,Two year,Fiber optic
1,24.4,24.4,Month-to-month,DSL
12,100.15,1164.3,Month-to-month,Fiber optic
59,101.1,6039.9,Month-to-month,Fiber optic
63,103.4,6603,Month-to-month,Fiber optic
10,24.4,253.9,Month-to-month,No
24,24.7,571.75,Two year,No
65,104.1,6700.05,Two year,Fiber optic
20,68.9,1370.35,Month-to-month,DSL
48,60.6,2985.25,One year,DSL
62,80.4,4981.15,Month-to-month,DSL
6,19.5,106.8,Month-to-month,No
24,54.8,1291.3,Month-to-month,DSL
34,60.85,2003.6,Month-to-month,DSL
46,33.7,1537.85,One year,DSL
26,45.45,1233.15,Month-to-month,DSL
19,24.85,434.8,Month-to-month,DSL
24,54.6,1242.25,One year,DSL
57,101.3,5779.6,Two year,Fiber optic
68,19.6,1441.65,Two year,No
12,74.15,741.4,Month-to-month,DSL
12,76.6,893,Month-to-month,Fiber optic
40,50.85,2036.55,Month-to-month,DSL
23,86.8,1975.85,Month-to-month,Fiber optic
4,70.4,281,Month-to-month,Fiber optic
67,50.55,3431.75,One year,DSL
35,62.15,2215.45,One year,DSL
10,86.65,856.65,Month-to-month,Fiber optic
6,20.4,107.6,Two year,No
10,85.25,855.3,Month-to-month,Fiber optic
17,95.65,1640,Month-to-month,Fiber optic
65,93.55,6069.25,One year,Fiber optic
2,89.5,161.5,Month-to-month,Fiber optic
49,96.2,4718.25,Month-to-month,Fiber optic
51,107.45,5680.9,One year,Fiber optic
72,112.25,8041.65,Two year,Fiber optic
44,68.85,2958.95,Month-to-month,Fiber optic
42,66.5,2762.75,Two year,DSL
2,24.5,46.4,Month-to-month,DSL
28,92.35,2602.9,Month-to-month,Fiber optic
34,61.25,1993.2,One year,DSL
31,79.3,2484,One year,DSL
1,19.5,19.5,Month-to-month,No
22,69.25,1554,Month-to-month,Fiber optic
2,76.5,162.45,Month-to-month,Fiber optic
72,110.6,7962.2,Two year,Fiber optic
8,51.05,415.05,Month-to-month,DSL
72,64.45,4528,Two year,DSL
17,50.3,846.8,Month-to-month,DSL
72,97.0,7104.2,Two year,Fiber optic
66,47.4,3177.25,Two year,DSL
35,75.35,2636.05,Month-to-month,Fiber optic
4,56.75,245.15,Month-to-month,DSL
72,19.7,1379.8,Two year,No
65,84.85,5459.2,Two year,DSL
69,20.2,1412.65,Two year,No
65,71.0,4386.2,Two year,DSL
38,80.3,3058.65,One year,DSL
24,93.0,2248.05,Month-to-month,Fiber optic
5,105.3,550.6,Month-to-month,Fiber optic
24,54.75,1338.15,Month-to-month,DSL
1,25.25,25.25,Month-to-month,DSL
61,107.75,6521.9,One year,Fiber optic
70,85.95,5931.75,Two year,DSL
1,25.1,25.1,Month-to-month,DSL
7,45.75,344.2,Month-to-month,DSL
1,19.95,19.95,Month-to-month,No
45,81.3,3541.1,Month-to-month,DSL
10,60.95,629.55,Month-to-month,DSL
29,70.75,1974.8,Month-to-month,Fiber optic
58,64.9,3795.45,Two year,DSL
67,20.05,1263.05,Two year,No
14,86.0,1164.05,Month-to-month,Fiber optic
45,25.5,1121.05,Two year,No
67,60.95,4119.4,One year,DSL
31,98.9,2911.3,Month-to-month,Fiber optic
2,94.0,181.7,Month-to-month,Fiber optic
37,19.85,717.5,One year,No
65,74.2,4805.65,Two year,DSL
2,95.15,196.9,Month-to-month,Fiber optic
3,29.65,90.05,Month-to-month,DSL
72,80.85,5727.45,Two year,DSL
36,20.85,720.05,One year,No
72,86.4,6058.95,Two year,DSL
19,39.65,733.35,Month-to-month,DSL
25,105.95,2655.25,Month-to-month,Fiber optic
6,20.7,112.75,Month-to-month,No
1,19.65,19.65,Month-to-month,No
59,72.1,4194.85,Two year,DSL
3,79.4,205.05,Month-to-month,Fiber optic
10,75.75,777.3,Month-to-month,Fiber optic
13,90.5,1201.15,Month-to-month,Fiber optic
22,59.0,1254.7,Month-to-month,DSL
72,108.95,7875,Two year,Fiber optic
66,62.5,4136.4,Two year,DSL
5,94.45,498.1,Month-to-month,Fiber optic
72,114.05,8289.2,Two year,Fiber optic
7,48.7,340.25,Month-to-month,DSL
67,102.9,6989.7,Two year,Fiber optic
1,69.7,69.7,Month-to-month,Fiber optic
44,49.05,2265,One year,DSL
72,19.7,1421.9,Two year,No
57,95.3,5567.45,Month-to-month,Fiber optic
5,44.8,220.45,Month-to-month,DSL
4,20.15,91.4,Month-to-month,No
65,105.05,6744.25,One year,Fiber optic
19,95.9,1777.9,Month-to-month,Fiber optic
7,44.75,333.65,Month-to-month,DSL
48,19.85,916,Two year,No
19,73.2,1441.1,Month-to-month,Fiber optic
1,50.15,50.15,Month-to-month,DSL
19,50.1,910.45,Month-to-month,DSL
51,99.0,5038.15,Month-to-month,Fiber optic
12,89.75,1052.4,Month-to-month,Fiber optic
41,20.15,802.35,Two year,No
53,93.45,4872.2,One year,Fiber optic
1,44.9,44.9,Month-to-month,DSL
14,75.1,1013.35,Month-to-month,Fiber optic
70,88.55,6306.5,Two year,DSL
31,79.45,2587.7,One year,DSL
68,117.2,8035.95,One year,Fiber optic
49,84.5,4254.85,Month-to-month,Fiber optic
46,19.95,927.1,Two year,No
21,79.2,1742.45,One year,Fiber optic
72,78.45,5682.25,Two year,DSL
45,93.9,4200.25,Month-to-month,Fiber optic
68,105.3,7299.65,Month-to-month,Fiber optic
70,65.3,4759.75,Two year,DSL
23,99.95,2292.75,One year,Fiber optic
4,87.1,341.45,Month-to-month,Fiber optic
1,70.2,70.2,Month-to-month,Fiber optic
37,95.25,3314.15,Month-to-month,Fiber optic
37,101.9,3545.35,Month-to-month,Fiber optic
72,88.55,6362.35,Two year,DSL
44,54.0,2440.25,One year,DSL
30,64.5,1929.95,One year,DSL
54,105.2,5637.85,One year,Fiber optic
4,70.2,237.95,Month-to-month,Fiber optic
5,80.15,385,Month-to-month,Fiber optic
35,20.2,684.4,Two year,No
52,61.35,3169.55,Month-to-month,DSL
72,109.9,7624.2,Two year,Fiber optic
50,109.65,5405.8,Month-to-month,Fiber optic
16,19.35,295.55,One year,No
35,95.45,3474.05,Month-to-month,Fiber optic
71,86.4,6172,Two year,Fiber optic
59,110.15,6448.05,One year,Fiber optic
70,104.45,7349.35,Two year,Fiber optic
1,74.3,74.3,Month-to-month,Fiber optic
55,51.65,2838.55,Month-to-month,DSL
70,114.2,7723.9,Two year,Fiber optic
7,69.15,488.65,Month-to-month,Fiber optic
50,100.65,5189.75,One year,Fiber optic
64,20.2,1277.75,Two year,No
8,69.95,562.7,Month-to-month,Fiber optic
61,82.15,4904.85,Month-to-month,Fiber optic
1,69.65,69.65,Month-to-month,Fiber optic
23,49.45,1119.35,One year,DSL
11,66.35,740.8,Month-to-month,DSL
24,79.85,1857.75,Month-to-month,Fiber optic
33,20.6,690.25,One year,No
53,25.1,1275.6,Two year,No
23,20.9,454,Two year,No
14,86.3,1180.95,Month-to-month,Fiber optic
70,84.6,5706.2,Two year,Fiber optic
22,79.2,1742.75,Month-to-month,DSL
15,19.75,311.6,Month-to-month,No
65,107.65,7082.85,Two year,Fiber optic
72,85.45,6227.5,Two year,DSL
63,107.5,6873.75,One year,Fiber optic
5,69.05,318.5,Month-to-month,Fiber optic
35,113.2,3914.05,Two year,Fiber optic
11,74.95,825.7,Month-to-month,Fiber optic
5,45.7,198,Month-to-month,DSL
31,79.2,2497.2,Two year,DSL
1,51.25,51.25,Month-to-month,DSL
32,73.6,2316.85,Two year,DSL
11,61.25,729.95,One year,DSL
49,90.85,4515.85,Month-to-month,Fiber optic
67,88.4,5798.3,One year,Fiber optic
70,93.9,6579.05,Two year,Fiber optic
1,19.6,19.6,Month-to-month,No
9,21.25,204.55,Month-to-month,No
21,20.5,402.85,Month-to-month,No
28,20.25,535.35,Month-to-month,No
67,105.4,6989.45,One year,Fiber optic
15,87.75,1242.2,Month-to-month,Fiber optic
5,83.6,404.2,Month-to-month,Fiber optic
25,78.35,1837.9,Month-to-month,DSL
4,20.45,82.85,Month-to-month,No
7,70.75,450.8,Month-to-month,DSL
1,45.8,45.8,Month-to-month,DSL
58,19.85,1158.85,Two year,No
18,69.8,1221.65,Month-to-month,Fiber optic
60,89.45,5294.6,Month-to-month,Fiber optic
14,20.4,292.4,Two year,No
42,49.55,2077.95,Month-to-month,DSL
1,35.9,35.9,Month-to-month,DSL
64,49.85,3210.35,Two year,DSL
53,105.55,5682.25,Two year,Fiber optic
1,69.6,69.6,Month-to-month,Fiber optic
45,105.15,4730.9,Month-to-month,Fiber optic
30,105.7,3181.8,Month-to-month,Fiber optic
17,70.5,1165.6,Month-to-month,Fiber optic
31,73.9,2217.15,Month-to-month,Fiber optic
39,73.15,2730.85,Month-to-month,Fiber optic
59,96.65,5580.8,Month-to-month,Fiber optic
10,94.85,953.45,Month-to-month,Fiber optic
3,80.35,253.8,Month-to-month,Fiber optic
43,90.25,3838.75,Month-to-month,Fiber optic
3,84.3,235.05,Month-to-month,Fiber optic
21,104.4,2157.95,Month-to-month,Fiber optic
33,50.0,1750.85,Month-to-month,DSL
9,24.1,259.8,One year,DSL
2,60.85,111.4,Month-to-month,DSL
7,35.5,249.55,One year,DSL
5,25.05,125.5,Month-to-month,DSL
2,69.95,143.9,Month-to-month,Fiber optic
17,70.8,1207,Month-to-month,Fiber optic
60,101.4,6176.6,One year,Fiber optic
44,19.9,868.1,Two year,No
72,86.05,6309.65,Two year,DSL
69,92.45,6460.55,Two year,Fiber optic
2,44.65,74.9,Month-to-month,DSL
1,84.6,84.6,Month-to-month,Fiber optic
57,107.95,5969.85,Two year,Fiber optic
19,58.2,1045.25,One year,DSL
41,94.3,3893.6,Month-to-month,Fiber optic
67,111.2,7530.8,Two year,Fiber optic
5,88.9,454.15,Month-to-month,Fiber optic
15,83.05,1258.3,Month-to-month,Fiber optic
71,118.65,8477.6,Two year,Fiber optic
3,20.55,51.15,Month-to-month,No
71,24.7,1810.55,Two year,No
70,92.2,6474.45,Two year,DSL
4,42.4,146.4,Month-to-month,DSL
5,85.55,408.5,Month-to-month,Fiber optic
61,20.25,1278.8,Two year,No
3,26.4,121.25,Two year,No
3,44.3,134.5,Month-to-month,DSL
34,87.45,2874.15,Month-to-month,Fiber optic
71,105.7,7472.15,One year,Fiber optic
23,91.1,2198.3,Two year,DSL
36,19.55,620.75,One year,No
15,68.6,1108.6,Month-to-month,Fiber optic
11,55.05,608.15,Month-to-month,DSL
15,75.3,1147.45,Month-to-month,Fiber optic
62,43.6,2748.7,Two year,DSL
7,95.0,655.5,Month-to-month,Fiber optic
6,80.5,502.85,Month-to-month,Fiber optic
29,25.15,702,Month-to-month,No
72,89.7,6588.95,One year,Fiber optic
69,85.35,5897.4,Two year,DSL
15,101.35,1553.95,Month-to-month,Fiber optic
16,19.7,301.55,Two year,No
47,70.55,3309.25,Month-to-month,Fiber optic
48,69.7,3023.65,One year,DSL
72,68.75,4888.2,Two year,DSL
21,73.7,1558.7,Month-to-month,Fiber optic
72,110.15,7998.8,Two year,Fiber optic
7,69.7,516.15,Month-to-month,DSL
27,85.25,2287.25,Month-to-month,Fiber optic
4,74.65,301.4,Month-to-month,Fiber optic
4,46.0,193.6,Month-to-month,DSL
26,90.8,2361.8,Month-to-month,Fiber optic
42,79.9,3313.4,Month-to-month,Fiber optic
69,81.95,5601.4,Two year,DSL
49,20.45,1024.65,Two year,No
1,75.8,75.8,Month-to-month,Fiber optic
38,68.15,2656.3,Month-to-month,DSL
37,100.05,3810.55,Month-to-month,Fiber optic
14,81.95,1181.75,Two year,DSL
1,79.1,79.1,Month-to-month,Fiber optic
9,19.5,178.85,Month-to-month,No
24,51.15,1275.7,Month-to-month,DSL
8,55.75,446.8,Month-to-month,DSL
1,85.8,85.8,Month-to-month,Fiber optic
72,79.2,5401.9,Two year,DSL
72,105.5,7544,Two year,Fiber optic
17,55.35,920.5,Month-to-month,DSL
68,64.35,4539.6,Two year,DSL
48,65.65,3094.65,One year,DSL
7,75.7,554.05,Month-to-month,DSL
46,30.75,1489.3,One year,DSL
50,103.7,5071.05,Month-to-month,Fiber optic
23,54.25,1221.55,Month-to-month,DSL
13,20.45,254.5,Month-to-month,No
18,25.3,454.65,Two year,No
64,24.4,1601.2,One year,No
66,89.4,5976.9,Month-to-month,Fiber optic
9,48.6,422.3,One year,DSL
21,94.25,1973.75,Month-to-month,Fiber optic
40,20.4,854.9,One year,No
7,49.65,305.55,Two year,DSL
56,106.6,5893.95,Month-to-month,Fiber optic
22,20.75,452.35,One year,No
4,70.9,273,Month-to-month,Fiber optic
1,74.45,74.45,Month-to-month,Fiber optic
32,91.05,2871.5,Month-to-month,Fiber optic
26,39.95,1023.75,One year,DSL
18,46.4,812.4,One year,DSL
35,109.95,3782.4,Month-to-month,Fiber optic
72,80.2,5714.2,Two year,DSL
52,98.15,4993.4,Month-to-month,Fiber optic
7,84.55,646.85,Month-to-month,Fiber optic
36,104.8,3886.45,One year,Fiber optic
2,19.3,44.4,Month-to-month,No
7,35.3,264.8,One year,DSL
15,19.45,340.85,Month-to-month,No
2,79.45,145.15,Month-to-month,Fiber optic
71,47.6,3377.8,Two year,DSL
27,75.75,1929,Month-to-month,Fiber optic
44,54.9,2549.1,Month-to-month,DSL
46,70.6,3231.05,One year,DSL
31,20.1,589.25,One year,No
69,78.6,5356.45,One year,DSL
25,60.35,1404.65,Month-to-month,DSL
25,19.15,477.6,Month-to-month,No
70,113.05,7869.05,Two year,Fiber optic
72,20.7,1492.1,Two year,No
2,44.35,81.25,Month-to-month,DSL
4,33.65,137.85,Month-to-month,DSL
66,90.95,5930.05,Two year,Fiber optic
5,65.6,339.9,Month-to-month,DSL
1,50.8,50.8,Month-to-month,DSL
1,95.0,95,Month-to-month,Fiber optic
1,20.2,20.2,Month-to-month,No
70,104.8,7308.95,One year,Fiber optic
59,100.05,6034.85,Two year,Fiber optic
12,19.35,219.35,One year,No
2,19.4,50.6,Month-to-month,No
41,20.0,879.8,Two year,No
38,103.65,3988.5,Month-to-month,Fiber optic
64,115.0,7396.15,One year,Fiber optic
1,74.6,74.6,Month-to-month,Fiber optic
5,96.5,492.55,Month-to-month,Fiber optic
1,25.25,25.25,Month-to-month,DSL
44,19.55,819.95,Two year,No
1,89.15,89.15,Month-to-month,Fiber optic
30,94.4,2838.7,Month-to-month,Fiber optic
41,99.65,4220.35,Two year,Fiber optic
53,19.9,1110.05,Two year,No
72,114.5,8331.95,Two year,Fiber optic
7,84.8,546.95,Month-to-month,Fiber optic
50,69.5,3418.2,Two year,DSL
1,45.6,45.6,Month-to-month,DSL
31,20.9,689.35,Two year,No
40,104.8,4131.95,Month-to-month,Fiber optic
1,20.25,20.25,Month-to-month,No
60,49.45,2907.55,Two year,DSL
17,61.95,1070.7,One year,DSL
72,84.45,5899.85,Two year,DSL
26,89.15,2277.65,Month-to-month,Fiber optic
1,90.55,90.55,Month-to-month,Fiber optic
7,74.65,521.1,Month-to-month,DSL
1,75.45,75.45,Month-to-month,Fiber optic
64,90.25,5629.15,One year,Fiber optic
33,82.1,2603.1,Two year,DSL
68,20.05,1386.9,Two year,No
34,20.65,716.4,Month-to-month,No
3,19.65,68.35,Month-to-month,No
7,20.25,129.15,One year,No
6,89.25,487.05,Month-to-month,Fiber optic
12,69.85,837.5,Month-to-month,DSL
59,75.95,4542.35,Two year,DSL
12,80.85,866.45,Month-to-month,Fiber optic
52,48.8,2555.05,Month-to-month,DSL
32,91.05,2954.5,Month-to-month,Fiber optic
67,107.05,7142.5,One year,Fiber optic
51,19.1,1007.8,One year,No
8,49.4,408.25,Month-to-month,DSL
3,88.3,273.75,Month-to-month,Fiber optic
72,100.65,7334.05,Two year,Fiber optic
37,85.7,3171.15,Month-to-month,Fiber optic
64,24.8,1514.85,Two year,No
26,84.95,2169.75,Month-to-month,Fiber optic
16,94.25,1483.25,Month-to-month,Fiber optic
2,104.4,242.8,Month-to-month,Fiber optic
37,78.9,2976.95,Month-to-month,DSL
66,114.3,7383.7,One year,Fiber optic
72,91.35,6697.2,Two year,DSL
1,45.1,45.1,Month-to-month,DSL
46,100.7,4541.2,Month-to-month,Fiber optic
69,19.8,1436.95,Two year,No
46,95.65,4664.2,One year,Fiber optic
8,85.65,659.45,Month-to-month,Fiber optic
8,60.0,487.75,Month-to-month,DSL
1,20.05,20.05,Month-to-month,No
67,92.45,6140.85,Two year,Fiber optic
69,24.6,1678.05,Two year,No
14,50.45,765.45,Month-to-month,DSL
68,54.45,3687.75,Month-to-month,DSL
43,44.15,1931.3,One year,DSL
2,19.9,57.4,Month-to-month,No
6,45.0,298.7,Month-to-month,DSL
13,20.85,272.35,Two year,No
54,19.65,1008.7,Two year,No
3,44.75,148.05,Month-to-month,DSL
26,78.8,2006.1,Month-to-month,Fiber optic
38,84.1,3187.65,One year,DSL
23,20.4,478.75,Two year,No
14,19.7,263.65,Two year,No
37,61.45,2302.35,Two year,DSL
30,40.3,1172.95,Month-to-month,DSL
7,79.7,586.05,Month-to-month,Fiber optic
2,91.4,193.6,Month-to-month,Fiber optic
33,24.9,847.8,One year,No
50,75.15,3822.45,Two year,DSL
23,25.1,611.45,Two year,No
72,103.65,7634.8,Two year,Fiber optic
66,106.05,6981.35,Two year,Fiber optic
1,29.7,29.7,Month-to-month,DSL
12,19.2,239,Month-to-month,No
61,43.7,2696.55,One year,DSL
46,19.4,958.15,Two year,No
21,58.85,1215.45,One year,DSL
32,36.25,1151.05,One year,DSL
20,20.05,406.05,Month-to-month,No
21,35.1,770.4,Two year,DSL
15,19.4,289.3,Month-to-month,No
3,19.75,58.85,Month-to-month,No
10,72.85,688.65,Month-to-month,Fiber optic
66,88.9,6000.1,One year,Fiber optic
15,19.75,297.3,Month-to-month,No
17,20.75,418.25,One year,No
51,84.2,4146.05,Month-to-month,Fiber optic
2,80.25,144.55,Month-to-month,Fiber optic
1,29.85,29.85,Month-to-month,DSL
1,19.9,19.9,Month-to-month,No
48,45.0,2196.3,One year,DSL
27,79.5,2180.55,Month-to-month,Fiber optic
20,59.2,1191.2,Month-to-month,DSL
1,31.35,31.35,Month-to-month,DSL
5,20.2,83.75,Month-to-month,No
11,51.1,531.15,Month-to-month,DSL
2,20.55,33.6,Month-to-month,No
17,25.15,412.6,Two year,No
7,29.8,201.95,Month-to-month,DSL
31,49.2,1498.55,Month-to-month,DSL
66,80.45,5224.35,Month-to-month,Fiber optic
1,94.6,94.6,Month-to-month,Fiber optic
5,85.3,424.15,Month-to-month,Fiber optic
42,97.1,4016.75,One year,Fiber optic
68,79.6,5515.8,Two year,DSL
12,20.1,232.4,Month-to-month,No
1,74.4,74.4,Month-to-month,Fiber optic
60,61.4,3638.25,Two year,DSL
38,101.15,3741.85,Month-to-month,Fiber optic
12,96.0,1062.1,Month-to-month,Fiber optic
15,76.5,1155.6,Month-to-month,DSL
71,99.2,7213.75,Two year,Fiber optic
72,63.1,4685.55,Two year,DSL
11,72.9,818.45,Month-to-month,Fiber optic
70,65.2,4543.15,One year,DSL
1,55.0,55,Month-to-month,DSL
25,25.5,630.6,Two year,No
72,110.1,7746.7,Two year,Fiber optic
8,59.25,436.6,Month-to-month,DSL
29,55.35,1636.95,One year,DSL
5,55.75,266.95,Month-to-month,DSL
32,50.6,1653.45,Month-to-month,DSL
1,75.5,75.5,Month-to-month,DSL
70,88.0,5986.45,Two year,Fiber optic
1,20.1,20.1,Month-to-month,No
27,75.2,1929.35,Month-to-month,Fiber optic
14,24.8,321.7,One year,No
30,94.05,2866.45,Month-to-month,Fiber optic
64,60.05,3845.45,Two year,DSL
42,25.1,1097.15,Month-to-month,DSL
1,69.85,69.85,Month-to-month,Fiber optic
40,20.4,745.3,Month-to-month,No
66,100.8,6690.75,Month-to-month,Fiber optic
1,50.8,50.8,Month-to-month,DSL
27,81.7,2212.55,One year,DSL
29,45.0,1228.65,Month-to-month,DSL
65,99.05,6416.7,Two year,Fiber optic
24,93.55,2264.05,Month-to-month,Fiber optic
72,99.15,7422.1,Two year,Fiber optic
70,39.15,2692.75,Two year,DSL
19,96.8,1743.05,Month-to-month,Fiber optic
7,90.45,593.45,Month-to-month,Fiber optic
10,91.1,964.35,Month-to-month,Fiber optic
72,24.15,1776.45,Two year,No
2,74.2,140.1,Month-to-month,Fiber optic
72,90.95,6468.6,Two year,DSL
39,101.25,3949.15,Month-to-month,Fiber optic
38,20.2,735.9,Two year,No
20,81.45,1671.6,Month-to-month,Fiber optic
69,95.2,6671.7,Two year,Fiber optic
30,86.45,2538.05,One year,Fiber optic
57,57.5,3265.95,Two year,DSL
17,25.65,440.2,Month-to-month,DSL
53,20.9,1146.05,Two year,No
5,84.7,392.5,Month-to-month,Fiber optic
43,24.45,993.15,One year,No
65,84.2,5324.5,Two year,DSL
37,19.35,683.75,Month-to-month,No
11,20.45,237.3,Month-to-month,No
45,78.75,3600.65,One year,DSL
37,96.1,3646.8,Month-to-month,Fiber optic
18,56.25,969.85,Month-to-month,DSL
45,42.3,1840.75,One year,DSL
3,35.45,106.85,Month-to-month,DSL
7,20.25,174.7,Month-to-month,No
30,79.65,2365.15,Month-to-month,Fiber optic
5,54.2,308.25,Month-to-month,DSL
28,101.3,2812.2,Month-to-month,Fiber optic
4,74.45,294.45,Month-to-month,Fiber optic
27,53.8,1389.85,Month-to-month,DSL
50,106.8,5347.95,One year,Fiber optic
51,80.0,4242.35,Month-to-month,Fiber optic
30,19.3,602.9,Two year,No
14,80.45,1137.05,Month-to-month,DSL
70,102.95,7101.5,Month-to-month,Fiber optic
71,113.15,7953.25,One year,Fiber optic
29,30.6,856.35,Month-to-month,DSL
58,100.35,5681.1,One year,Fiber optic
1,18.85,18.85,Month-to-month,No
36,31.05,1126.35,Two year,DSL
72,25.65,1887,Two year,No
17,81.5,1329.2,Month-to-month,Fiber optic
12,98.1,1060.2,Month-to-month,Fiber optic
66,29.45,1983.15,One year,DSL
5,55.8,274.35,Month-to-month,DSL
1,44.75,44.75,Month-to-month,DSL
14,44.6,641.25,One year,DSL
2,73.55,145.4,Month-to-month,Fiber optic
1,75.3,75.3,Month-to-month,Fiber optic
1,30.55,30.55,Month-to-month,DSL
7,20.35,150.6,Month-to-month,No
26,20.3,511.25,Month-to-month,No
2,86.25,181.65,Month-to-month,Fiber optic
17,34.4,592.75,Month-to-month,DSL
24,49.7,1167.8,Month-to-month,DSL
12,43.8,540.95,Month-to-month,DSL
27,19.85,470,Two year,No
70,19.2,1401.4,Two year,No
43,109.55,4830.25,One year,Fiber optic
38,89.1,3342,One year,Fiber optic
2,80.75,159.45,Month-to-month,Fiber optic
63,102.4,6444.05,Month-to-month,Fiber optic
72,96.6,6827.5,Two year,Fiber optic
12,49.85,552.1,Two year,DSL
35,56.85,1861.1,Month-to-month,DSL
16,90.7,1374.9,Month-to-month,Fiber optic
32,98.85,3089.6,Month-to-month,Fiber optic
72,90.8,6511.8,Two year,Fiber optic
33,39.1,1309,One year,DSL
50,103.4,5236.4,One year,Fiber optic
30,64.5,1888.45,Month-to-month,DSL
3,20.85,72,Month-to-month,No
72,20.8,1521.2,Two year,No
1,70.1,70.1,Month-to-month,Fiber optic
71,24.65,1766.75,Two year,No
1,44.7,44.7,Month-to-month,DSL
1,44.8,44.8,Month-to-month,DSL
14,100.2,1369.8,Month-to-month,Fiber optic
15,85.9,1269.55,Month-to-month,Fiber optic
4,50.95,207.35,Month-to-month,DSL
2,79.65,152.7,Month-to-month,Fiber optic
5,83.15,446.05,Month-to-month,Fiber optic
56,75.75,4284.65,One year,DSL
70,25.35,1715.15,Two year,No
7,73.6,520,Month-to-month,Fiber optic
55,96.8,5283.95,Month-to-month,Fiber optic
35,25.45,809.25,Two year,No
16,20.0,275.7,Month-to-month,No
2,19.25,48.35,Month-to-month,No
9,20.15,163.7,One year,No
24,94.1,2322.85,Month-to-month,Fiber optic
1,69.1,69.1,Month-to-month,Fiber optic
62,19.85,1253.65,Two year,No
5,70.05,346.4,Month-to-month,DSL
10,79.25,793.55,Month-to-month,Fiber optic
71,73.5,5357.75,Two year,DSL
36,18.55,689,Two year,No
34,97.65,3207.55,Month-to-month,Fiber optic
12,26.4,314.95,One year,No
53,20.2,1068.15,One year,No
7,19.9,173.15,One year,No
72,25.7,1937.4,Two year,No
18,99.4,1742.95,Month-to-month,Fiber optic
31,75.5,2424.45,One year,DSL
50,69.65,3442.15,One year,DSL
22,19.95,433.5,One year,No
72,109.7,7898.45,Two year,Fiber optic
1,69.95,69.95,Month-to-month,Fiber optic
1,20.15,20.15,Month-to-month,No
9,40.65,328.95,Month-to-month,DSL
72,105.55,7542.25,Two year,Fiber optic
58,104.65,6219.6,One year,Fiber optic
35,108.35,3726.15,One year,Fiber optic
71,19.9,1397.3,Two year,No
72,79.55,5810.9,Two year,DSL
17,78.9,1348.95,Month-to-month,Fiber optic
72,88.05,6520.8,Two year,DSL
50,99.4,5059.75,One year,Fiber optic
26,19.15,515.75,Two year,No
1,50.35,50.35,Month-to-month,DSL
44,88.15,3973.2,Month-to-month,Fiber optic
52,83.8,4331.4,Month-to-month,Fiber optic
35,100.8,3437.5,Month-to-month,Fiber optic
1,74.7,74.7,Month-to-month,Fiber optic
2,53.85,108.15,Month-to-month,DSL
35,39.85,1434.6,Month-to-month,DSL
36,85.85,3003.55,One year,DSL
72,90.15,6716.45,Two year,DSL
24,50.6,1288.75,One year,DSL
21,106.1,2249.95,Month-to-month,Fiber optic
46,84.25,3847.6,Month-to-month,Fiber optic
17,24.8,475.25,Month-to-month,No
15,94.65,1285.05,Month-to-month,Fiber optic
17,35.65,646.05,Month-to-month,DSL
65,58.9,3857.1,Two year,DSL
34,78.95,2647.2,One year,Fiber optic
50,93.5,4747.5,Month-to-month,Fiber optic
1,69.9,69.9,Month-to-month,Fiber optic
66,84.0,5714.25,Two year,DSL
1,71.35,71.35,Month-to-month,Fiber optic
72,19.9,1529.65,Two year,No
59,25.45,1534.05,Two year,No
21,77.5,1625,One year,DSL
9,90.35,767.9,One year,Fiber optic
35,24.15,812.5,Month-to-month,DSL
10,51.2,498.25,Month-to-month,DSL
56,24.15,1402.25,Two year,No
66,63.85,4174.35,One year,DSL
5,85.4,401.1,Month-to-month,Fiber optic
9,20.25,178.5,Month-to-month,No
47,73.6,3522.65,Two year,DSL
12,54.3,654.5,Month-to-month,DSL
62,79.95,4819.75,Two year,DSL
34,75.55,2425.4,Month-to-month,Fiber optic
16,20.25,327.45,Month-to-month,No
1,20.25,20.25,Month-to-month,No
46,45.2,2065.15,Month-to-month,DSL
23,19.65,478.1,One year,No
17,79.85,1387.35,One year,DSL
27,78.2,2078.95,One year,DSL
18,45.65,747.2,Month-to-month,DSL
19,34.3,577.15,Month-to-month,DSL
33,79.15,2531.4,One year,DSL
72,66.75,4760.3,Two year,DSL
3,70.7,225.65,Month-to-month,DSL
71,107.5,7713.55,Month-to-month,Fiber optic
7,51.0,354.05,Month-to-month,DSL
55,116.5,6382.55,Month-to-month,Fiber optic
30,80.8,2369.3,Two year,DSL
72,103.2,7362.9,One year,Fiber optic
63,75.7,4676.7,Two year,DSL
4,80.3,324.2,Month-to-month,Fiber optic
11,79.15,827.7,Month-to-month,Fiber optic
20,50.0,1003.05,Month-to-month,DSL
13,30.85,394.1,Month-to-month,DSL
10,55.55,551.3,Month-to-month,DSL
43,110.75,4687.9,Month-to-month,Fiber optic
18,88.85,1594.75,Month-to-month,Fiber optic
1,45.85,45.85,Month-to-month,DSL
16,86.25,1340.1,Month-to-month,Fiber optic
1,24.7,24.7,Month-to-month,DSL
1,86.6,86.6,Month-to-month,Fiber optic
43,89.55,3856.75,Month-to-month,Fiber optic
2,19.95,47.7,One year,No
58,24.45,1513.6,Two year,No
54,55.45,2966.95,One year,DSL
17,44.6,681.4,One year,DSL
66,100.05,6871.9,Month-to-month,Fiber optic
5,85.2,474.8,Month-to-month,Fiber optic
56,73.25,4054.2,Two year,DSL
10,20.05,218.5,Month-to-month,No
10,84.7,832.05,Month-to-month,Fiber optic
72,112.1,7965.95,Two year,Fiber optic
7,20.65,158.95,Month-to-month,No
4,24.25,96.05,Month-to-month,DSL
49,71.8,3472.05,One year,DSL
66,109.25,7082.5,Two year,Fiber optic
52,106.3,5487,Two year,Fiber optic
52,110.75,5832,Month-to-month,Fiber optic
1,69.4,69.4,Month-to-month,Fiber optic
17,24.1,409.9,Month-to-month,No
67,69.2,4671.65,Two year,DSL
24,49.3,1233.25,Month-to-month,DSL
60,60.8,3603.45,Two year,DSL
8,70.1,551.35,Month-to-month,Fiber optic
32,54.2,1739.6,Month-to-month,DSL
14,82.65,1185,Month-to-month,Fiber optic
1,90.6,90.6,Month-to-month,Fiber optic
2,44.15,92.65,Month-to-month,DSL
43,101.0,4388.4,Month-to-month,Fiber optic
25,69.5,1752.65,Month-to-month,DSL
43,19.2,776.25,One year,No
47,20.25,873.4,Two year,No
63,89.6,5538.8,Month-to-month,Fiber optic
58,19.15,1035.5,Two year,No
10,24.5,270.15,Month-to-month,No
25,61.05,1540.2,One year,DSL
42,95.05,3944.5,Month-to-month,Fiber optic
49,95.6,4783.5,Month-to-month,Fiber optic
70,109.5,7534.65,One year,Fiber optic
2,20.35,35.1,Month-to-month,No
72,80.8,5728.55,Two year,DSL
72,55.3,3983.6,Two year,DSL
1,60.0,60,Month-to-month,DSL
69,95.35,6382,Month-to-month,Fiber optic
9,90.8,809.75,Month-to-month,Fiber optic
10,20.0,198.6,Month-to-month,No
70,97.55,6669.05,Month-to-month,Fiber optic
6,94.5,575.45,Month-to-month,Fiber optic
65,61.35,3874.1,One year,DSL
54,105.85,5826.65,One year,Fiber optic
46,55.65,2688.85,One year,DSL
55,90.4,5099.15,Month-to-month,Fiber optic
64,24.05,1559.15,Two year,No
63,71.9,4479.2,Two year,DSL
60,24.15,1505.9,One year,No
54,95.1,5064.85,Two year,Fiber optic
6,44.75,270.95,Month-to-month,DSL
71,99.0,7061.65,Two year,Fiber optic
41,94.9,3848,Month-to-month,Fiber optic
47,83.35,4065,Month-to-month,Fiber optic
10,19.5,225.85,One year,No
50,88.05,4367.35,Month-to-month,Fiber optic
9,55.35,449.75,Month-to-month,DSL
52,96.25,4990.25,Two year,Fiber optic
38,20.1,730.1,One year,No
20,78.8,1641.3,Month-to-month,Fiber optic
3,92.0,266.8,Month-to-month,Fiber optic
47,104.1,5135.15,Month-to-month,Fiber optic
21,20.85,435.25,Two year,No
9,19.5,150.35,Month-to-month,No
72,104.8,7470.1,Two year,Fiber optic
3,69.55,200.2,Month-to-month,Fiber optic
18,57.65,992.7,Month-to-month,DSL
68,24.95,1614.9,Two year,No
61,80.9,4932.5,Two year,DSL
23,59.95,1406,Month-to-month,DSL
47,94.8,4535.85,One year,Fiber optic
15,74.2,1133.9,Month-to-month,Fiber optic
35,19.65,708.8,One year,No
32,19.3,593.2,One year,No
71,97.65,6687.85,One year,Fiber optic
52,105.05,5624.85,Month-to-month,Fiber optic
72,63.7,4464.8,Two year,DSL
12,25.0,316.2,Month-to-month,No
44,19.35,847.25,Two year,No
72,109.65,7880.25,Two year,Fiber optic
18,85.45,1505.85,Month-to-month,Fiber optic
7,73.85,511.25,Month-to-month,Fiber optic
10,74.15,811.8,Month-to-month,Fiber optic
42,20.25,854.9,One year,No
72,103.75,7346.2,Two year,Fiber optic
29,89.2,2698.35,Month-to-month,Fiber optic
63,84.65,5377.8,Two year,Fiber optic
1,19.9,19.9,Month-to-month,No
26,90.1,2312.55,One year,DSL
65,89.85,5844.65,One year,Fiber optic
71,66.2,4692.55,One year,DSL
61,101.05,5971.25,Two year,Fiber optic
52,80.2,4297.6,One year,Fiber optic
2,44.6,97.1,Month-to-month,DSL
29,95.9,2745.2,Month-to-month,Fiber optic
17,20.1,279.5,One year,No
58,19.55,1079.65,Two year,No
4,82.85,319.6,Month-to-month,Fiber optic
23,99.25,2186.4,Month-to-month,Fiber optic
31,79.85,2404.15,Month-to-month,Fiber optic
61,103.95,6423,One year,Fiber optic
6,79.7,497.6,Month-to-month,Fiber optic
61,86.45,5175.3,Two year,DSL
58,105.05,6004.85,One year,Fiber optic
10,19.8,198.25,One year,No
55,90.45,5044.8,Month-to-month,Fiber optic
72,116.6,8337.45,Two year,Fiber optic
72,105.6,7581.5,Two year,Fiber optic
40,97.1,3706.95,Month-to-month,Fiber optic
6,45.65,323.45,Month-to-month,DSL
70,106.5,7397,One year,Fiber optic
30,90.25,2755.35,Month-to-month,Fiber optic
1,90.55,90.55,Month-to-month,Fiber optic
67,116.2,7752.3,Two year,Fiber optic
34,19.6,678.8,One year,No
2,93.85,170.85,Month-to-month,Fiber optic
7,70.1,467.55,Month-to-month,Fiber optic
8,69.7,560.85,Month-to-month,Fiber optic
35,89.85,3161.2,Month-to-month,Fiber optic
9,88.05,801.3,Month-to-month,Fiber optic
6,20.2,98.35,Month-to-month,No
5,49.2,216.9,Month-to-month,DSL
3,74.75,229.5,Month-to-month,Fiber optic
35,19.15,638,One year,No
15,51.1,711.15,Month-to-month,DSL
17,76.45,1233.4,Month-to-month,Fiber optic
33,24.15,800.3,One year,No
3,50.6,155.35,Month-to-month,DSL
68,70.95,4741.45,Two year,DSL
60,115.25,6758.45,Two year,Fiber optic
23,81.85,1810.85,One year,Fiber optic
35,24.3,821.6,Two year,No
63,20.0,1209.25,Two year,No
2,44.45,82.7,Month-to-month,DSL
3,89.85,248.4,Month-to-month,Fiber optic
60,105.9,6401.25,Month-to-month,Fiber optic
1,39.65,39.65,Month-to-month,DSL
55,113.6,6292.7,Two year,Fiber optic
3,105.0,294.45,Month-to-month,Fiber optic
1,75.9,75.9,Month-to-month,Fiber optic
14,46.35,667.7,Month-to-month,DSL
32,99.55,3204.65,Month-to-month,Fiber optic
35,20.75,739.9,Month-to-month,No
58,55.5,3166.9,Two year,DSL
35,46.35,1662.05,Two year,DSL
59,81.25,4639.45,One year,Fiber optic
2,70.4,154.8,Month-to-month,Fiber optic
24,102.95,2496.7,Month-to-month,Fiber optic
53,19.85,1039.45,One year,No
18,20.15,390.85,One year,No
1,49.05,49.05,Month-to-month,DSL
70,78.35,5445.95,One year,DSL
50,104.95,5222.35,Month-to-month,Fiber optic
64,76.1,4818.8,Two year,DSL
72,42.1,2962,Two year,DSL
72,84.8,6141.65,Two year,Fiber optic
15,85.6,1345.55,Month-to-month,Fiber optic
65,105.25,6786.4,Month-to-month,Fiber optic
28,76.55,2065.4,Month-to-month,Fiber optic
3,85.7,256.75,Month-to-month,Fiber optic
43,108.15,4600.7,Month-to-month,Fiber optic
27,71.6,1957.1,Month-to-month,DSL
72,104.15,7689.95,Two year,Fiber optic
1,29.9,29.9,Month-to-month,DSL
52,59.45,3043.7,Month-to-month,DSL
2,85.65,181.5,Month-to-month,Fiber optic
3,25.1,79.8,Month-to-month,DSL
29,84.3,2357.75,Month-to-month,Fiber optic
65,26.0,1654.85,Two year,No
55,66.05,3462.1,One year,DSL
72,64.45,4720,Two year,DSL
63,20.6,1298.7,Two year,No
5,55.7,259.4,Month-to-month,DSL
59,19.35,1099.6,Two year,No
69,43.95,2960.1,Two year,DSL
27,69.35,1927.3,One year,DSL
15,50.75,688.2,One year,DSL
1,19.3,19.3,Month-to-month,No
40,50.25,2023.55,One year,DSL
3,75.3,244.1,Month-to-month,DSL
7,43.9,278.4,Month-to-month,DSL
28,96.6,2684.35,Month-to-month,Fiber optic
45,62.55,2796.45,One year,DSL
5,39.5,210.75,Month-to-month,DSL
12,56.65,654.85,Month-to-month,DSL
21,94.3,1948.35,Month-to-month,Fiber optic
70,25.4,1782.05,Two year,No
70,97.65,6982.5,One year,Fiber optic
64,99.25,6549.45,Two year,Fiber optic
70,86.45,5950.2,Two year,DSL
72,115.55,8425.3,Two year,Fiber optic
17,19.7,340.35,Month-to-month,No
1,20.75,20.75,Month-to-month,No
37,19.8,677.05,One year,No
8,20.45,162.3,Month-to-month,No
38,91.7,3479.05,Month-to-month,Fiber optic
24,89.25,2210.2,Month-to-month,Fiber optic
5,100.5,514,Month-to-month,Fiber optic
53,19.75,1052.35,Two year,No
12,29.2,309.1,Month-to-month,DSL
34,20.05,679,Two year,No
70,114.6,7882.5,Two year,Fiber optic
3,20.7,57.5,Month-to-month,No
55,85.1,4657.95,Two year,DSL
48,117.45,5438.9,Month-to-month,Fiber optic
68,83.0,5685.8,One year,Fiber optic
56,24.3,1261.7,One year,No
7,86.5,582.5,Month-to-month,Fiber optic
35,102.35,3626.1,One year,Fiber optic
2,88.55,179.25,Month-to-month,Fiber optic
21,90.05,1862.9,Month-to-month,Fiber optic
49,39.2,1838.15,Month-to-month,DSL
60,19.65,1161.75,Two year,No
32,81.1,2619.25,Month-to-month,Fiber optic
54,104.3,5278.15,Month-to-month,Fiber optic
47,60.0,2768.65,Two year,DSL
25,54.75,1266.35,One year,DSL
4,44.8,176.2,Month-to-month,DSL
72,19.85,1434.1,Two year,No
1,70.8,70.8,Month-to-month,Fiber optic
18,84.3,1537.9,Month-to-month,Fiber optic
1,25.15,25.15,Month-to-month,DSL
7,58.85,465.7,Month-to-month,DSL
60,20.95,1270.55,Two year,No
9,85.35,758.6,Month-to-month,Fiber optic
29,51.6,1442,Month-to-month,DSL
51,90.15,4554.85,One year,Fiber optic
4,25.2,102.5,Month-to-month,DSL
37,19.85,784.25,Two year,No
50,19.75,989.05,One year,No
56,36.1,1971.5,One year,DSL
11,20.95,267.35,Month-to-month,No
35,89.65,3161.6,Month-to-month,Fiber optic
50,103.85,5017.9,Month-to-month,Fiber optic
1,74.35,74.35,Month-to-month,Fiber optic
51,59.3,3014.65,One year,DSL
47,74.05,3496.3,Two year,DSL
32,54.65,1830.1,Month-to-month,DSL
67,59.55,4103.9,Two year,DSL
50,80.05,4042.2,One year,DSL
3,101.55,298.35,Month-to-month,Fiber optic
4,84.05,333.55,Month-to-month,Fiber optic
14,95.8,1346.3,Month-to-month,Fiber optic
39,90.7,3413.25,Month-to-month,Fiber optic
1,53.55,53.55,Month-to-month,DSL
24,101.05,2391.8,Month-to-month,Fiber optic
25,85.9,2199.05,Month-to-month,Fiber optic
63,80.0,5040.2,One year,DSL
5,81.3,416.3,Month-to-month,Fiber optic
15,49.1,679.55,Month-to-month,DSL
7,49.75,331.3,One year,DSL
67,106.7,7009.5,Two year,Fiber optic
1,69.2,69.2,Month-to-month,Fiber optic
1,20.5,20.5,Month-to-month,No
10,56.75,503.25,Month-to-month,DSL
41,19.75,899.45,Two year,No
60,76.95,4543.95,Two year,DSL
22,85.1,1873.7,Month-to-month,Fiber optic
8,74.05,600.15,Month-to-month,Fiber optic
10,80.05,830.7,Month-to-month,Fiber optic
64,97.0,6430.9,One year,Fiber optic
12,101.35,1218.55,Month-to-month,Fiber optic
47,85.3,4107.25,Two year,DSL
24,69.45,1614.05,Month-to-month,DSL
2,71.65,135.75,Month-to-month,Fiber optic
27,95.6,2595.25,Month-to-month,Fiber optic
22,43.75,903.6,One year,DSL
72,110.65,8065.65,Two year,Fiber optic
2,64.2,143.65,Month-to-month,DSL
26,83.95,2254.2,Month-to-month,Fiber optic
2,90.75,174.75,Month-to-month,Fiber optic
1,19.45,19.45,Month-to-month,No
27,59.45,1611.65,Month-to-month,DSL
1,94.0,94,Month-to-month,Fiber optic
52,21.0,1107.2,Two year,No
16,94.65,1461.15,Month-to-month,Fiber optic
6,19.65,116.85,Two year,No
27,81.45,2122.05,Month-to-month,Fiber optic
23,20.05,415.1,One year,No
1,19.55,19.55,Month-to-month,No
32,20.5,696.8,Two year,No
71,25.95,1801.9,Two year,No
17,19.4,358.05,Two year,No
47,85.2,3969.35,Month-to-month,Fiber optic
30,90.4,2820.65,One year,Fiber optic
8,75.0,632.95,Month-to-month,Fiber optic
33,19.8,641.35,Two year,No
13,88.35,1222.8,Month-to-month,Fiber optic
5,74.65,383.65,Month-to-month,Fiber optic
1,20.0,20,Month-to-month,No
72,65.2,4784.45,Two year,DSL
15,55.0,757.1,Month-to-month,DSL
1,69.35,69.35,Month-to-month,Fiber optic
41,89.55,3729.75,One year,Fiber optic
71,99.65,7181.25,One year,Fiber optic
2,45.25,74.2,Month-to-month,DSL
10,45.55,402.6,Month-to-month,DSL
56,93.15,5253.95,One year,Fiber optic
1,69.95,69.95,Month-to-month,Fiber optic
64,90.6,5817.45,Two year,DSL
63,108.5,6991.9,Two year,Fiber optic
1,19.3,19.3,Month-to-month,No
16,54.1,889,Month-to-month,DSL
26,81.95,2070.05,Month-to-month,Fiber optic
71,65.15,4681.75,Two year,DSL
68,88.85,6132.7,Two year,DSL
19,59.55,1144.6,Month-to-month,DSL
48,24.55,1203.95,One year,No
71,90.55,6404,Two year,DSL
72,115.75,8399.15,Two year,Fiber optic
17,106.65,1672.1,Month-to-month,Fiber optic
39,25.2,987.95,Two year,No
13,20.2,273.25,One year,No
47,103.1,4889.3,One year,Fiber optic
35,21.45,705.45,Two year,No
9,94.05,811.65,Month-to-month,Fiber optic
54,108.0,5760.65,Two year,Fiber optic
72,89.75,6595.9,Two year,DSL
71,85.45,6028.95,One year,Fiber optic
49,74.45,3721.9,Two year,DSL
54,18.95,1031.1,Two year,No
19,87.3,1637.3,Month-to-month,Fiber optic
72,92.4,6786.1,Two year,DSL
24,89.85,2165.05,Month-to-month,Fiber optic
3,41.35,107.25,Month-to-month,DSL
1,20.3,20.3,Month-to-month,No
11,45.2,492,Month-to-month,DSL
58,24.7,1519,Two year,No
2,20.0,32.7,Month-to-month,No
72,65.55,4807.45,Two year,DSL
60,95.75,5742.9,Month-to-month,Fiber optic
72,78.5,5602.25,Two year,Fiber optic
4,75.65,302.35,Month-to-month,Fiber optic
1,74.45,74.45,Month-to-month,Fiber optic
10,89.5,863.1,Month-to-month,Fiber optic
37,101.1,3744.05,Month-to-month,Fiber optic
4,48.55,201,Month-to-month,DSL
2,73.25,131.05,Month-to-month,Fiber optic
1,20.85,20.85,Month-to-month,No
29,74.95,2149.05,Month-to-month,Fiber optic
33,88.95,3027.65,Two year,Fiber optic
59,99.5,5890,One year,Fiber optic
5,89.15,413.25,Month-to-month,Fiber optic
14,78.95,1101.85,Month-to-month,Fiber optic
8,80.45,583.45,Month-to-month,Fiber optic
47,20.55,1013.05,One year,No
17,88.25,1460.65,Month-to-month,Fiber optic
72,103.4,7372.65,Two year,Fiber optic
2,25.05,56.35,Month-to-month,DSL
60,102.5,6157.6,One year,Fiber optic
18,80.55,1411.65,Month-to-month,Fiber optic
25,74.3,1952.25,Month-to-month,Fiber optic
71,87.95,6365.35,Two year,DSL
1,21.1,21.1,Month-to-month,No
71,19.7,1415.85,Two year,No
67,75.7,5060.85,Month-to-month,Fiber optic
72,115.75,8443.7,Two year,Fiber optic
41,40.35,1677.85,Month-to-month,DSL
24,90.55,2282.55,Month-to-month,Fiber optic
54,55.0,3092.65,Month-to-month,DSL
23,34.6,813.45,Two year,DSL
13,64.75,877.35,One year,DSL
65,95.5,6153.85,One year,Fiber optic
55,20.5,1177.95,Two year,No
44,19.5,835.5,One year,No
68,54.4,3723.65,One year,DSL
15,48.85,631.4,Month-to-month,DSL
13,84.05,1095.3,Month-to-month,Fiber optic
33,19.45,600.25,One year,No
1,50.15,50.15,Month-to-month,DSL
25,55.55,1405.3,Month-to-month,DSL
11,94.2,999.9,Month-to-month,Fiber optic
5,78.75,412.1,Month-to-month,Fiber optic
52,20.1,1078.75,Two year,No
21,71.7,1497.05,One year,DSL
39,106.4,4040.65,Month-to-month,Fiber optic
2,19.9,33.7,Month-to-month,No
41,70.25,2868.05,Month-to-month,Fiber optic
5,24.3,132.25,Month-to-month,No
24,80.25,1861.5,Month-to-month,Fiber optic
1,20.2,20.2,Month-to-month,No
7,79.0,522.95,Month-to-month,Fiber optic
40,93.4,3756.4,Month-to-month,Fiber optic
19,100.0,1888.65,One year,Fiber optic
23,20.45,481.1,One year,No
1,45.3,45.3,Month-to-month,DSL
15,38.8,603,Two year,DSL
1,88.8,88.8,Month-to-month,Fiber optic
63,109.4,7031.45,Month-to-month,Fiber optic
1,74.35,74.35,Month-to-month,Fiber optic
4,44.55,220.75,Month-to-month,DSL
42,77.95,3384,Month-to-month,Fiber optic
27,66.15,1874.45,One year,DSL
71,116.05,8297.5,Two year,Fiber optic
7,94.7,673.1,Month-to-month,Fiber optic
20,19.5,413,Month-to-month,No
44,100.55,4398.15,Month-to-month,Fiber optic
52,19.6,1012.4,One year,No
7,86.25,587.1,Month-to-month,Fiber optic
56,96.95,5432.2,Month-to-month,Fiber optic
28,105.8,2998,Month-to-month,Fiber optic
54,20.35,1092.35,Two year,No
72,65.1,4754.3,Two year,DSL
39,20.7,762.45,Two year,No
12,20.15,260.7,One year,No
52,74.0,3877.65,One year,DSL
7,48.8,349.8,Month-to-month,DSL
31,25.75,755.6,Two year,No
24,56.25,1454.25,One year,DSL
3,74.1,228,Month-to-month,Fiber optic
47,20.55,945.7,Two year,No
28,51.0,1381.8,One year,DSL
32,79.3,2570,Month-to-month,Fiber optic
34,105.35,3540.65,Month-to-month,Fiber optic
3,50.15,168.15,Month-to-month,DSL
10,79.85,797.25,Month-to-month,Fiber optic
66,65.7,4378.9,Two year,DSL
1,45.25,45.25,Month-to-month,DSL
49,79.3,3902.45,Two year,DSL
1,20.15,20.15,Month-to-month,No
7,89.5,676.7,Month-to-month,Fiber optic
3,20.0,49.65,Month-to-month,No
34,90.15,3128.8,One year,Fiber optic
72,85.3,6129.2,Two year,DSL
3,77.4,206.15,Month-to-month,DSL
18,71.1,1247.75,Month-to-month,Fiber optic
67,60.05,3994.05,One year,DSL
44,25.7,1110.5,One year,No
7,69.2,477.55,Month-to-month,Fiber optic
52,104.45,5481.25,One year,Fiber optic
16,69.95,1205.5,Month-to-month,Fiber optic
8,54.75,445.85,Month-to-month,DSL
7,64.3,445.95,Month-to-month,DSL
72,19.8,1414.65,Two year,No
7,29.8,220.45,Month-to-month,DSL
21,20.35,422.7,One year,No
35,73.0,2471.25,One year,DSL
60,49.75,3069.45,Month-to-month,DSL
8,100.6,819.4,Month-to-month,Fiber optic
2,69.8,146.65,Month-to-month,Fiber optic
12,30.25,368.85,One year,DSL
3,29.6,79.45,Month-to-month,DSL
72,70.65,5011.15,Two year,DSL
52,111.25,5916.45,One year,Fiber optic
46,19.2,908.15,Two year,No
12,78.85,876.75,One year,DSL
37,100.3,3541.4,Month-to-month,Fiber optic
42,19.8,849.9,One year,No
58,80.65,4807.35,Month-to-month,Fiber optic
12,20.05,267,One year,No
68,19.95,1377.7,Two year,No
1,46.3,46.3,Month-to-month,DSL
44,56.25,2419.55,Month-to-month,DSL
71,109.7,7904.25,Two year,Fiber optic
29,34.3,1004.75,Month-to-month,DSL
34,26.1,980.35,Two year,No
6,91.0,531,Month-to-month,Fiber optic
62,97.95,5936.55,One year,Fiber optic
22,20.05,417,One year,No
66,104.6,6819.45,One year,Fiber optic
1,33.6,33.6,Month-to-month,DSL
50,105.95,5341.8,Month-to-month,Fiber optic
66,96.6,6424.25,Two year,Fiber optic
72,115.15,8349.45,Two year,Fiber optic
27,19.15,537.35,Month-to-month,No
7,19.45,136.75,One year,No
14,55.5,767.55,Month-to-month,DSL
26,35.75,1022.5,Month-to-month,DSL
11,75.25,888.65,Month-to-month,Fiber optic
33,59.55,2016.3,Two year,DSL
47,90.5,4318.35,Two year,DSL
1,19.1,19.1,Month-to-month,No
15,51.55,765.5,Month-to-month,DSL
66,108.45,7076.35,One year,Fiber optic
36,25.1,930.95,Two year,No
45,95.95,4456.65,Month-to-month,Fiber optic
24,104.15,2494.65,Month-to-month,Fiber optic
3,73.85,196.4,Month-to-month,Fiber optic
61,115.1,7008.15,Two year,Fiber optic
34,25.6,917.15,One year,No
68,70.9,4911.35,Two year,DSL
16,74.55,1170.5,Month-to-month,Fiber optic
32,80.3,2483.05,Month-to-month,Fiber optic
26,38.85,1025.15,Month-to-month,DSL
36,19.2,702.9,Month-to-month,No
3,20.25,71.2,One year,No
8,100.3,832.35,Month-to-month,Fiber optic
37,68.1,2479.25,One year,DSL
1,20.45,20.45,Two year,No
68,56.4,3948.45,Two year,DSL
25,84.8,2043.45,Month-to-month,Fiber optic
17,75.4,1322.55,Month-to-month,DSL
67,104.1,7040.85,One year,Fiber optic
5,28.45,131.05,Month-to-month,DSL
57,71.1,4140.1,One year,DSL
8,70.7,553.4,Month-to-month,Fiber optic
55,44.85,2479.05,Month-to-month,DSL
56,45.05,2560.1,Two year,DSL
19,94.95,1760.25,Month-to-month,Fiber optic
51,79.15,4018.55,Month-to-month,Fiber optic
67,35.7,2545.7,Two year,DSL
53,80.6,4348.1,Month-to-month,Fiber optic
1,19.75,19.75,Month-to-month,No
16,19.7,342.4,Month-to-month,No
26,54.75,1406.9,Month-to-month,DSL
45,75.95,3273.8,Month-to-month,DSL
47,25.4,1139.2,Month-to-month,No
33,94.5,3105.55,Month-to-month,Fiber optic
15,84.45,1287.85,Month-to-month,DSL
42,20.0,833.55,Two year,No
1,20.05,20.05,Month-to-month,No
56,104.75,5510.65,One year,Fiber optic
53,96.75,5206.55,One year,Fiber optic
15,105.1,1582.75,Month-to-month,Fiber optic
16,54.85,916.15,Two year,DSL
20,19.7,415.9,One year,No
15,96.5,1392.25,Month-to-month,Fiber optic
38,80.45,3162.65,Month-to-month,Fiber optic
1,56.25,56.25,Month-to-month,DSL
57,19.6,1134.25,Two year,No
72,109.55,7920.7,Two year,Fiber optic
54,100.1,5440.9,Month-to-month,Fiber optic
30,54.45,1588.7,Month-to-month,DSL
5,75.6,402.5,Month-to-month,Fiber optic
65,109.4,7227.45,Month-to-month,Fiber optic
25,24.75,692.1,Two year,No
44,20.0,860.85,One year,No
71,80.7,5676,Two year,Fiber optic
24,78.4,1832.4,One year,DSL
51,90.35,4614.55,One year,Fiber optic
62,90.7,5586.45,Month-to-month,Fiber optic
47,80.35,3825.85,Month-to-month,Fiber optic
12,19.35,212.3,Two year,No
1,24.7,24.7,Month-to-month,DSL
68,108.45,7176.55,One year,Fiber optic
52,105.1,5376.4,One year,Fiber optic
26,60.05,1616.15,Month-to-month,DSL
13,70.15,931.75,Month-to-month,Fiber optic
58,68.4,3972.25,One year,DSL
35,20.05,746.75,One year,No
51,94.0,4905.75,One year,Fiber optic
65,19.85,1267.05,Two year,No
23,55.8,1327.85,One year,DSL
4,80.6,319.15,Month-to-month,Fiber optic
34,100.45,3414.65,Month-to-month,Fiber optic
13,75.3,989.45,One year,DSL
68,95.9,6503.2,Month-to-month,Fiber optic
69,39.1,2779.5,Two year,DSL
36,20.25,717.95,Two year,No
4,20.5,79.05,One year,No
17,62.1,1096.65,One year,DSL
14,86.1,1235.55,Month-to-month,Fiber optic
70,68.95,4858.7,Two year,DSL
42,106.15,4512.7,Month-to-month,Fiber optic
43,80.2,3581.6,One year,DSL
8,75.0,658.1,Month-to-month,Fiber optic
64,109.2,6741.15,Two year,Fiber optic
52,57.95,3042.25,One year,DSL
55,77.8,4323.35,Two year,DSL
4,70.2,280.35,Month-to-month,Fiber optic
6,49.65,267.35,Month-to-month,DSL
1,74.7,74.7,Month-to-month,Fiber optic
6,29.45,161.45,Month-to-month,DSL
1,70.1,70.1,Month-to-month,Fiber optic
1,19.4,19.4,Month-to-month,No
13,76.2,981.45,Month-to-month,DSL
13,79.25,1111.65,Month-to-month,Fiber optic
24,24.1,587.4,Two year,No
67,26.1,1759.55,Two year,No
59,76.75,4541.9,One year,DSL
71,85.45,6029.9,Two year,DSL
64,108.95,7111.3,Month-to-month,Fiber optic
6,85.15,503.6,Month-to-month,Fiber optic
37,80.05,3019.1,One year,Fiber optic
29,84.9,2516.2,Month-to-month,Fiber optic
72,24.75,1769.6,Two year,No
24,96.0,2122.45,Month-to-month,Fiber optic
21,86.55,1857.25,Month-to-month,Fiber optic
5,44.05,202.15,Month-to-month,DSL
63,97.45,6253,Two year,Fiber optic
61,96.5,5673.7,One year,Fiber optic
53,18.7,1005.7,Two year,No
1,25.8,25.8,Month-to-month,DSL
26,85.2,2184.6,One year,Fiber optic
8,20.15,165.5,Two year,No
60,71.75,4374.55,One year,DSL
20,95.5,1916.2,Month-to-month,Fiber optic
59,99.45,5623.7,Month-to-month,Fiber optic
4,20.2,55.7,Month-to-month,No
2,19.75,39.3,Month-to-month,No
36,51.05,1815,Month-to-month,DSL
25,20.15,536.35,Month-to-month,No
71,83.2,6126.1,Two year,DSL
61,99.4,5943.65,Month-to-month,Fiber optic
37,75.1,2658.8,One year,DSL
54,82.45,4350.1,One year,DSL
71,113.65,8166.8,Two year,Fiber optic
1,79.15,79.15,Month-to-month,Fiber optic
72,86.65,6224.8,Two year,DSL
30,90.05,2627.2,Month-to-month,Fiber optic
30,49.9,1441.95,Month-to-month,DSL
51,87.35,4473,Month-to-month,Fiber optic
22,84.75,1816.75,Month-to-month,Fiber optic
71,105.25,7291.75,Two year,Fiber optic
43,60.4,2640.55,One year,DSL
1,70.15,70.15,Month-to-month,Fiber optic
71,99.4,7168.25,Two year,Fiber optic
41,79.85,3320.75,One year,DSL
18,73.15,1305.95,Month-to-month,Fiber optic
66,25.3,1672.35,Two year,No
1,78.05,78.05,Month-to-month,Fiber optic
37,99.5,3762,Month-to-month,Fiber optic
6,56.25,389.1,Month-to-month,DSL
1,20.55,20.55,Month-to-month,No
33,95.0,3008.15,Month-to-month,Fiber optic
46,94.65,4312.5,One year,Fiber optic
61,111.6,6876.05,Two year,Fiber optic
55,19.15,998.1,One year,No
37,78.95,2839.65,Month-to-month,Fiber optic
32,35.15,1051.05,Month-to-month,DSL
8,19.7,130.25,Two year,No
70,101.1,6994.8,Two year,Fiber optic
30,50.4,1527.5,Month-to-month,DSL
60,79.2,4765,One year,Fiber optic
1,20.4,20.4,Month-to-month,No
33,109.9,3694.7,Month-to-month,Fiber optic
61,106.35,6751.35,Month-to-month,Fiber optic
6,98.15,567.45,Month-to-month,Fiber optic
72,25.2,1787.35,Two year,No
4,18.85,84.2,Month-to-month,No
58,107.75,6332.75,One year,Fiber optic
1,20.6,20.6,Month-to-month,No
8,100.85,819.55,Month-to-month,Fiber optic
4,19.75,78.3,Month-to-month,No
72,110.8,7882.25,Two year,Fiber optic
24,52.5,1208.15,Two year,DSL
7,69.0,506.9,Month-to-month,Fiber optic
10,75.3,720.45,Month-to-month,Fiber optic
2,75.45,158.4,Month-to-month,Fiber optic
17,92.7,1556.85,Month-to-month,Fiber optic
59,69.1,4096.9,One year,DSL
72,113.65,8182.75,Two year,Fiber optic
68,96.55,6581.9,One year,Fiber optic
28,19.9,543,One year,No
37,58.75,2203.1,One year,DSL
55,19.5,1026.35,One year,No
45,108.45,4964.7,Month-to-month,Fiber optic
67,83.85,5588.8,Month-to-month,Fiber optic
65,105.1,6631.85,Two year,Fiber optic
70,75.35,5437.75,Two year,DSL
69,25.6,1673.4,Two year,No
65,25.3,1748.55,Two year,No
71,84.8,6152.4,Two year,Fiber optic
70,60.35,4138.7,One year,DSL
56,59.8,3457.45,Two year,DSL
44,95.1,4060.55,Month-to-month,Fiber optic
12,49.05,593.05,Month-to-month,DSL
1,45.7,45.7,Month-to-month,DSL
33,86.15,2745.7,Month-to-month,Fiber optic
16,95.6,1555.65,Month-to-month,Fiber optic
43,84.85,3645.6,Month-to-month,Fiber optic
33,72.75,2447.45,Month-to-month,DSL
31,89.9,2806.9,Month-to-month,Fiber optic
3,91.05,289.1,Month-to-month,Fiber optic
49,84.35,4059.35,One year,DSL
2,44.7,93.7,Month-to-month,DSL
8,94.0,773.65,Month-to-month,Fiber optic
26,89.8,2335.3,Month-to-month,Fiber optic
1,19.55,19.55,Month-to-month,No
71,58.65,4145.25,Two year,DSL
72,60.0,4264,Two year,DSL
67,75.1,5064.45,One year,DSL
18,54.4,957.1,One year,DSL
62,96.1,6001.45,One year,Fiber optic
31,96.6,2877.95,Month-to-month,Fiber optic
8,20.25,158.35,Month-to-month,No
70,44.6,3058.15,Two year,DSL
69,60.8,4263.4,One year,DSL
1,90.6,90.6,Month-to-month,Fiber optic
23,78.55,1843.05,One year,DSL
72,86.65,6094.25,Two year,DSL
50,69.75,3557.7,Month-to-month,Fiber optic
44,90.4,4063,Month-to-month,Fiber optic
72,20.05,1423.65,Two year,No
8,29.25,226.95,Month-to-month,DSL
39,35.55,1309.15,One year,DSL
18,50.0,892.7,Month-to-month,DSL
32,93.95,2861.45,Month-to-month,Fiber optic
71,98.65,6962.85,One year,Fiber optic
2,70.7,141.45,Month-to-month,Fiber optic
63,19.7,1275.85,Two year,No
43,60.0,2548.55,Two year,DSL
42,85.9,3729.75,Month-to-month,Fiber optic
24,25.15,553,Two year,No
63,59.0,3707.6,Two year,DSL
7,20.25,144.35,Month-to-month,No
20,19.4,374.5,Month-to-month,No
44,20.5,865.05,One year,No
28,60.9,1785.65,Month-to-month,DSL
8,60.9,551.95,Month-to-month,DSL
70,110.2,7689.8,Two year,Fiber optic
72,74.4,5360.75,Two year,DSL
1,61.15,61.15,Month-to-month,DSL
67,25.6,1784.9,Two year,No
35,89.7,3165.6,One year,Fiber optic
45,75.15,3480.35,Two year,DSL
11,19.7,216.2,Month-to-month,No
4,61.3,249.4,Month-to-month,DSL
16,20.1,296.15,One year,No
18,19.55,389.25,Month-to-month,No
4,94.3,424.45,Month-to-month,Fiber optic
20,20.35,393.15,One year,No
67,88.8,5903.15,One year,DSL
40,98.15,4116.8,One year,Fiber optic
6,20.95,109.5,Month-to-month,No
59,93.35,5386.5,Month-to-month,Fiber optic
50,39.7,1932.75,Two year,DSL
1,84.8,84.8,Month-to-month,Fiber optic
13,43.8,592.65,One year,DSL
21,24.7,467.15,Month-to-month,No
41,106.3,4443.45,Month-to-month,Fiber optic
34,105.35,3688.6,Month-to-month,Fiber optic
29,98.8,2807.1,Month-to-month,Fiber optic
40,65.1,2586,Month-to-month,DSL
1,69.95,69.95,Month-to-month,Fiber optic
49,98.35,4889.2,Month-to-month,Fiber optic
35,59.6,2094.9,Month-to-month,DSL
8,54.75,438.05,Month-to-month,DSL
18,68.35,1299.8,Month-to-month,DSL
50,105.05,5163.3,Two year,Fiber optic
32,85.95,2628.6,Month-to-month,Fiber optic
23,49.7,1081.25,Month-to-month,DSL
3,78.5,242.05,Month-to-month,Fiber optic
38,78.95,2862.55,One year,DSL
51,96.4,4911.05,One year,Fiber optic
5,56.15,291.45,Month-to-month,DSL
63,96.0,6109.75,One year,Fiber optic
1,71.65,71.65,Month-to-month,Fiber optic
4,38.55,156.1,Month-to-month,DSL
42,60.15,2421.6,One year,DSL
71,100.5,7030.65,Two year,Fiber optic
1,45.7,45.7,Month-to-month,DSL
29,90.1,2656.7,One year,Fiber optic
31,94.5,2979.2,Month-to-month,Fiber optic
9,64.95,547.8,Month-to-month,DSL
16,59.4,1023.9,Month-to-month,DSL
1,20.4,20.4,Month-to-month,No
30,94.1,2804.45,Month-to-month,Fiber optic
49,19.0,918.7,One year,No
23,69.5,1652.1,Month-to-month,DSL
1,74.9,74.9,Month-to-month,Fiber optic
10,49.55,475.7,One year,DSL
50,24.95,1261.45,Two year,No
60,94.1,5475.9,Month-to-month,Fiber optic
1,20.3,20.3,Month-to-month,No
2,62.05,118.3,Month-to-month,DSL
32,74.9,2303.35,Month-to-month,Fiber optic
33,20.05,669.45,Month-to-month,No
24,96.55,2263.45,Two year,Fiber optic
41,111.95,4534.9,One year,Fiber optic
40,39.3,1637.4,Month-to-month,DSL
38,25.05,963.95,Two year,No
64,111.6,7099,Two year,Fiber optic
68,60.65,3975.9,One year,DSL
71,49.35,3515.25,Two year,DSL
34,103.8,3470.8,One year,Fiber optic
19,90.6,1660,Month-to-month,Fiber optic
1,20.2,20.2,Month-to-month,No
17,102.55,1742.5,Month-to-month,Fiber optic
54,104.1,5645.8,Month-to-month,Fiber optic
40,62.05,2511.55,One year,DSL
43,115.05,4895.1,Two year,Fiber optic
13,75.0,999.45,Month-to-month,Fiber optic
66,25.45,1699.15,One year,No
1,46.2,46.2,Month-to-month,DSL
2,45.4,80.95,Month-to-month,DSL
29,24.85,788.05,One year,DSL
25,100.25,2387.75,Month-to-month,Fiber optic
21,41.9,840.1,Month-to-month,DSL
38,83.45,3147.15,Month-to-month,Fiber optic
6,19.0,105.5,One year,No
55,104.15,5743.05,One year,Fiber optic
59,99.5,5861.75,Two year,Fiber optic
49,19.45,921.3,One year,No
10,19.6,189.45,One year,No
23,81.0,1917.1,Month-to-month,Fiber optic
1,20.25,20.25,Month-to-month,No
31,98.05,3082.1,One year,Fiber optic
56,72.6,4084.35,Two year,DSL
71,80.7,5705.05,Two year,DSL
46,79.2,3593.8,Two year,DSL
15,74.4,1074.3,Month-to-month,Fiber optic
2,19.85,52,Month-to-month,No
71,23.85,1672.1,Two year,No
40,19.6,808.95,Two year,No
8,20.15,156.25,Month-to-month,No
12,45.05,523.1,Month-to-month,DSL
3,94.85,335.75,Month-to-month,Fiber optic
18,95.45,1752.55,Month-to-month,Fiber optic
72,108.2,7840.6,Two year,Fiber optic
70,94.8,6859.05,Two year,DSL
47,74.45,3510.3,Two year,DSL
29,58.55,1718.95,Month-to-month,DSL
72,20.55,1432.55,Two year,No
39,41.1,1597.05,Month-to-month,DSL
7,20.45,150.75,Month-to-month,No
71,95.65,6856.95,One year,Fiber optic
51,87.55,4475.9,One year,Fiber optic
52,100.3,5244.45,One year,Fiber optic
46,95.25,4424.2,One year,Fiber optic
38,94.65,3624.3,Month-to-month,Fiber optic
10,34.55,362.6,Month-to-month,DSL
72,114.65,8333.95,Two year,Fiber optic
19,78.7,1495.1,Month-to-month,Fiber optic
3,83.9,267.4,Month-to-month,Fiber optic
69,82.45,5555.3,Two year,DSL
54,20.1,1079.45,Two year,No
12,43.65,526.95,Month-to-month,DSL
8,21.05,139.75,Month-to-month,No
23,90.0,2024.1,Month-to-month,Fiber optic
7,74.35,533.6,Month-to-month,Fiber optic
6,69.25,418.4,Month-to-month,Fiber optic
45,18.85,867.3,One year,No
72,80.85,5824.75,Two year,DSL
1,20.35,20.35,Month-to-month,No
23,23.85,625.65,Two year,No
72,94.65,6747.35,Month-to-month,Fiber optic
67,75.5,5229.45,Two year,DSL
43,51.25,2151.6,One year,DSL
1,45.65,45.65,Month-to-month,DSL
60,104.35,6339.45,One year,Fiber optic
2,79.85,152.45,Month-to-month,Fiber optic
1,75.55,75.55,Month-to-month,Fiber optic
72,78.85,5763.15,Two year,DSL
32,89.6,2901.8,Month-to-month,Fiber optic
61,89.65,5308.7,Two year,DSL
64,110.3,6997.3,Two year,Fiber optic
14,19.55,294.5,One year,No
13,80.5,1011.8,Month-to-month,Fiber optic
25,20.95,495.15,One year,No
46,54.35,2460.15,Two year,DSL
4,45.9,199.75,Month-to-month,DSL
47,20.45,943,Two year,No
53,69.7,3729.6,Two year,DSL
9,70.05,564.4,Month-to-month,DSL
70,108.15,7930.55,One year,Fiber optic
50,90.1,4549.45,One year,Fiber optic
9,73.8,704.3,Month-to-month,Fiber optic
70,19.8,1397.65,Two year,No
67,118.35,7804.15,One year,Fiber optic
1,19.65,19.65,Month-to-month,No
66,74.25,4859.25,One year,Fiber optic
58,20.3,1160.75,Two year,No
0,52.55, ,Two year,DSL
2,69.65,145.15,Month-to-month,Fiber optic
41,19.85,810.45,Two year,No
4,78.85,292.8,Month-to-month,Fiber optic
23,20.15,405.6,One year,No
61,64.05,3902.6,One year,DSL
8,20.05,163.6,Month-to-month,No
1,75.35,75.35,Month-to-month,Fiber optic
22,26.25,605.9,Two year,No
2,47.8,92.45,Month-to-month,DSL
55,77.75,4458.15,Month-to-month,Fiber optic
60,74.35,4453.3,Month-to-month,Fiber optic
51,95.15,5000.05,One year,Fiber optic
7,80.3,526.7,Month-to-month,Fiber optic
2,69.6,131.65,Month-to-month,Fiber optic
35,85.3,2917.5,Month-to-month,Fiber optic
70,89.75,6367.2,Two year,DSL
1,89.25,89.25,Month-to-month,Fiber optic
30,25.1,789.55,Two year,No
8,49.85,365.55,Month-to-month,DSL
5,70.25,331.9,Month-to-month,Fiber optic
9,66.25,620.55,Month-to-month,DSL
11,74.55,824.75,Month-to-month,Fiber optic
63,39.35,2395.05,Two year,DSL
39,23.8,903.8,Two year,No
17,94.4,1607.2,Month-to-month,Fiber optic
14,54.25,773.2,One year,DSL
61,93.7,5860.7,One year,Fiber optic
72,115.6,8220.4,Two year,Fiber optic
40,55.8,2283.3,One year,DSL
1,20.15,20.15,Month-to-month,No
47,39.65,1798.65,One year,DSL
34,78.3,2564.3,Month-to-month,Fiber optic
18,40.2,711.95,One year,DSL
27,20.25,538.2,Two year,No
46,20.25,890.35,Two year,No
68,95.1,6683.4,Two year,Fiber optic
3,19.85,63.75,Month-to-month,No
22,94.65,2104.55,Month-to-month,Fiber optic
36,96.5,3436.1,Month-to-month,Fiber optic
28,60.0,1682.05,One year,DSL
51,19.85,996.95,One year,No
4,100.85,399.25,Month-to-month,Fiber optic
26,98.65,2537,Month-to-month,Fiber optic
37,92.95,3415.25,Month-to-month,Fiber optic
1,44.55,44.55,Month-to-month,DSL
5,19.85,108.05,Month-to-month,No
22,101.35,2317.1,Month-to-month,Fiber optic
56,24.45,1431.65,One year,No
35,20.6,754,One year,No
11,73.5,791.75,Month-to-month,Fiber optic
67,54.9,3725.5,Month-to-month,DSL
13,61.8,750.1,Month-to-month,DSL
40,36.0,1382.9,One year,DSL
1,46.3,46.3,Month-to-month,DSL
69,46.25,3121.4,Two year,DSL
15,29.7,438.25,Month-to-month,DSL
11,20.35,215.25,Month-to-month,No
2,20.1,39.8,Month-to-month,No
2,20.3,40.25,Month-to-month,No
35,102.05,3452.55,Month-to-month,Fiber optic
68,85.0,5607.75,Two year,DSL
70,77.3,5498.2,Two year,DSL
52,30.1,1623.4,One year,DSL
16,85.05,1391.15,Month-to-month,Fiber optic
6,19.15,124.4,One year,No
16,84.75,1350.15,Month-to-month,Fiber optic
68,111.75,7511.3,Two year,Fiber optic
12,99.95,1132.75,Month-to-month,Fiber optic
50,94.4,4914.9,Month-to-month,Fiber optic
61,20.55,1305.95,Two year,No
4,49.25,208.45,Month-to-month,DSL
13,95.25,1233.65,Month-to-month,Fiber optic
19,95.15,1789.25,Month-to-month,Fiber optic
46,69.1,3168,Month-to-month,DSL
32,76.3,2404.15,Month-to-month,DSL
42,40.15,1626.05,Month-to-month,DSL
4,40.05,162.45,Month-to-month,DSL
70,89.0,6293.2,Two year,DSL
47,59.6,2754,Two year,DSL
64,89.45,5692.65,One year,Fiber optic
1,19.25,19.25,Month-to-month,No
65,108.65,6937.95,Two year,Fiber optic
61,51.35,3244.4,Two year,DSL
2,61.2,125.95,Month-to-month,DSL
21,69.1,1474.75,Month-to-month,Fiber optic
2,86.2,178.7,Month-to-month,Fiber optic
39,86.3,3266,Month-to-month,Fiber optic
37,99.2,3754.6,One year,Fiber optic
8,94.2,777.3,Month-to-month,Fiber optic
54,110.45,6077.75,Two year,Fiber optic
56,95.65,5471.75,One year,Fiber optic
60,90.95,5453.4,One year,Fiber optic
68,75.8,5293.95,One year,DSL
1,54.75,54.75,Month-to-month,DSL
32,70.5,2201.75,One year,DSL
71,109.3,7782.85,Two year,Fiber optic
3,84.75,264.85,Month-to-month,Fiber optic
71,116.1,8310.55,Two year,Fiber optic
1,19.75,19.75,Month-to-month,No
20,89.0,1820.45,Month-to-month,Fiber optic
18,35.0,553,Month-to-month,DSL
20,64.4,1398.6,Month-to-month,DSL
2,70.7,151.65,Month-to-month,Fiber optic
40,96.35,3915.4,Month-to-month,Fiber optic
35,20.75,700.45,One year,No
56,68.75,3815.4,One year,DSL
30,100.4,2936.25,Month-to-month,Fiber optic
72,83.55,6093.3,Two year,DSL
42,103.8,4327.5,Month-to-month,Fiber optic
21,71.05,1524.85,Two year,DSL
5,20.1,85.1,One year,No
51,94.8,4837.6,One year,Fiber optic
47,19.9,942.95,One year,No
46,20.2,917.45,Two year,No
62,72.0,4284.2,Two year,DSL
19,87.7,1725.95,One year,Fiber optic
32,84.05,2781.85,One year,Fiber optic
52,109.3,5731.4,Two year,Fiber optic
4,19.5,96.85,Two year,No
63,50.65,3221.25,Two year,DSL
10,54.5,568.2,Month-to-month,DSL
6,19.55,128.6,Month-to-month,No
56,100.65,5688.05,Month-to-month,Fiber optic
54,69.9,3883.3,Month-to-month,DSL
15,76.0,1130.85,Month-to-month,Fiber optic
20,81.0,1683.7,Month-to-month,Fiber optic
21,96.8,2030.3,Month-to-month,Fiber optic
25,54.3,1296.8,Month-to-month,DSL
62,89.8,5629.55,Month-to-month,Fiber optic
66,105.2,6936.85,Month-to-month,Fiber optic
59,106.75,6252.9,Month-to-month,Fiber optic
71,105.55,7405.5,Two year,Fiber optic
16,112.95,1882.55,Month-to-month,Fiber optic
31,64.0,1910.75,One year,DSL
14,76.1,1054.8,Two year,DSL
11,20.0,196.35,One year,No
4,29.9,118.25,Month-to-month,DSL
30,89.9,2723.15,Month-to-month,Fiber optic
7,44.65,322.5,Month-to-month,DSL
44,59.85,2603.95,One year,DSL
42,20.7,828.85,Two year,No
1,55.0,55,Month-to-month,DSL
69,84.7,5878.9,Two year,DSL
44,89.2,4040.2,Month-to-month,Fiber optic
15,58.6,939.7,Month-to-month,DSL
54,20.0,1149.65,Two year,No
21,19.6,397,Two year,No
23,83.75,1849.95,Month-to-month,Fiber optic
2,51.4,96.8,Month-to-month,DSL
7,69.55,521.35,Month-to-month,Fiber optic
46,19.25,864.2,Two year,No
7,64.2,475,Month-to-month,DSL
48,55.5,2627.35,Two year,DSL
56,98.25,5508.35,One year,Fiber optic
58,20.8,1212.25,Two year,No
16,98.75,1587.55,Month-to-month,Fiber optic
1,21.05,21.05,Month-to-month,No
58,60.3,3563.8,One year,DSL
24,20.15,456.85,One year,No
26,79.3,2015.8,Month-to-month,Fiber optic
69,20.2,1376.5,Two year,No
8,84.9,764.95,Month-to-month,Fiber optic
58,45.35,2540.1,One year,DSL
22,20.55,469.85,Month-to-month,No
70,101.0,7085.5,Two year,Fiber optic
12,25.4,313,Two year,No
4,19.9,76.65,Two year,No
5,24.95,100.4,Month-to-month,DSL
38,95.0,3605.6,One year,Fiber optic
2,80.45,137.1,Month-to-month,Fiber optic
59,65.5,3801.3,One year,DSL
47,90.05,4137.2,Month-to-month,Fiber optic
21,60.25,1258.35,One year,DSL
15,74.45,1145.7,Month-to-month,Fiber optic
5,30.5,167.2,Month-to-month,DSL
15,59.45,892.65,Month-to-month,DSL
72,104.45,7459,One year,Fiber optic
45,50.25,2221.55,Month-to-month,DSL
48,39.4,1978.65,Two year,DSL
17,101.8,1752.45,Month-to-month,Fiber optic
27,50.35,1411.35,Month-to-month,DSL
45,109.75,4900.65,Two year,Fiber optic
10,102.1,1068.85,Month-to-month,Fiber optic
1,49.3,49.3,Month-to-month,DSL
22,94.95,2142.8,Month-to-month,Fiber optic
20,70.55,1493.55,Month-to-month,Fiber optic
7,24.7,149.05,Month-to-month,DSL
1,50.7,50.7,Month-to-month,DSL
24,53.6,1315.35,Month-to-month,DSL
68,24.0,1664.3,Two year,No
20,84.35,1745.2,Month-to-month,Fiber optic
25,38.1,970.4,One year,DSL
1,43.3,43.3,Month-to-month,DSL
64,43.85,2751,Month-to-month,DSL
64,99.0,6375.8,Two year,Fiber optic
20,25.55,507.4,Month-to-month,No
35,99.25,3532,One year,Fiber optic
72,114.3,8058.55,Two year,Fiber optic
43,94.35,3921.3,One year,Fiber optic
53,95.95,5036.9,One year,Fiber optic
69,23.95,1713.1,Two year,No
1,49.65,49.65,Month-to-month,DSL
32,93.4,2979.3,Month-to-month,Fiber optic
71,19.1,1372.45,Two year,No
33,20.35,689.75,Two year,No
10,19.85,193.05,Month-to-month,No
37,26.45,911.6,Month-to-month,No
7,71.35,515.75,Month-to-month,DSL
57,53.75,3196,Month-to-month,DSL
47,20.25,1029.8,Two year,No
5,68.95,351.5,Month-to-month,Fiber optic
61,105.55,6281.45,Month-to-month,Fiber optic
72,83.7,6096.9,Two year,DSL
35,19.6,686.95,Two year,No
56,101.05,5594,Month-to-month,Fiber optic
36,91.95,3301.05,Month-to-month,Fiber optic
20,98.55,2031.95,Month-to-month,Fiber optic
38,20.45,781.25,Month-to-month,No
43,104.6,4759.85,Two year,Fiber optic
8,87.1,713.6,Month-to-month,Fiber optic
9,19.9,164.6,One year,No
67,89.55,6038.55,One year,Fiber optic
1,44.45,44.45,Month-to-month,DSL
54,103.95,5639.05,One year,Fiber optic
1,20.05,20.05,Month-to-month,No
23,84.4,1936.85,Month-to-month,Fiber optic
20,94.1,1782.4,Month-to-month,Fiber optic
14,84.8,1203.9,Month-to-month,Fiber optic
18,49.85,865.75,Month-to-month,DSL
52,84.1,4348.65,Month-to-month,Fiber optic
1,20.9,20.9,Month-to-month,No
38,19.3,755.5,One year,No
5,75.55,413.65,Month-to-month,Fiber optic
1,19.6,19.6,Month-to-month,No
26,93.6,2404.1,Month-to-month,Fiber optic
66,108.1,7181.95,One year,Fiber optic
51,60.5,3121.45,Two year,DSL
10,75.05,786.3,Month-to-month,Fiber optic
5,21.05,113.85,Month-to-month,No
4,70.5,294.2,Month-to-month,Fiber optic
59,94.75,5597.65,Month-to-month,Fiber optic
5,74.35,334.8,Month-to-month,Fiber optic
5,64.35,352.65,Month-to-month,DSL
3,46.1,130.15,Month-to-month,DSL
48,44.8,2104.55,Month-to-month,DSL
72,24.85,1871.85,Two year,No
12,79.8,1001.2,Month-to-month,Fiber optic
2,95.1,180.25,Month-to-month,Fiber optic
72,109.15,7789.6,One year,Fiber optic
18,44.35,768.05,Month-to-month,DSL
45,81.0,3533.6,Two year,DSL
31,76.05,2227.8,Month-to-month,Fiber optic
10,20.0,198.7,Month-to-month,No
41,83.75,3273.55,Month-to-month,Fiber optic
2,49.4,106.55,Month-to-month,DSL
2,68.95,119.75,Month-to-month,Fiber optic
56,85.85,4793.8,One year,Fiber optic
71,100.55,7113.75,One year,Fiber optic
25,19.6,411.15,One year,No
11,19.55,223.15,Two year,No
12,89.55,1021.75,Month-to-month,Fiber optic
72,82.15,5784.3,Two year,DSL
71,113.15,7993.3,Two year,Fiber optic
27,30.75,805.1,Month-to-month,DSL
14,50.75,712.75,Month-to-month,DSL
17,80.85,1445.95,One year,DSL
33,103.75,3361.05,One year,Fiber optic
10,85.55,851.75,Month-to-month,Fiber optic
45,84.55,3713.95,Month-to-month,Fiber optic
57,20.75,1118.8,Two year,No
42,45.1,2049.05,One year,DSL
1,45.4,45.4,Month-to-month,DSL
8,49.55,393.45,Month-to-month,DSL
24,20.3,459.95,Month-to-month,No
24,81.0,1923.85,Month-to-month,DSL
32,19.8,607.7,One year,No
3,75.8,246.3,Month-to-month,Fiber optic
50,95.7,4816.7,Month-to-month,Fiber optic
12,49.2,571.15,Month-to-month,DSL
10,88.85,929.45,Month-to-month,Fiber optic
2,19.35,46.35,Month-to-month,No
10,95.35,898.35,Month-to-month,Fiber optic
9,95.5,829.1,Month-to-month,Fiber optic
8,105.5,829.55,Month-to-month,Fiber optic
49,75.2,3678.3,Month-to-month,Fiber optic
7,74.65,544.55,Month-to-month,Fiber optic
3,20.25,61.45,Month-to-month,No
33,93.8,3124.5,One year,Fiber optic
48,105.1,5083.55,Month-to-month,Fiber optic
3,74.45,221.1,Month-to-month,Fiber optic
40,54.55,2236.2,One year,DSL
5,69.75,324.6,Month-to-month,Fiber optic
5,94.85,462.8,Month-to-month,Fiber optic
3,107.95,313.6,Month-to-month,Fiber optic
47,63.8,3007.25,Two year,DSL
38,24.25,914.4,One year,No
67,50.9,3281.65,Two year,DSL
19,20.25,383.65,One year,No
55,19.4,1083,Two year,No
70,106.15,7475.1,One year,Fiber optic
58,50.3,2878.55,One year,DSL
8,94.7,740.3,Month-to-month,Fiber optic
4,80.85,302.75,Month-to-month,Fiber optic
2,49.25,97,Month-to-month,DSL
13,49.95,587.45,Month-to-month,DSL
3,69.65,220.1,Month-to-month,Fiber optic
10,29.6,299.05,Two year,DSL
48,100.05,4834,Month-to-month,Fiber optic
9,74.05,678.45,Month-to-month,Fiber optic
42,99.45,4138.05,Month-to-month,Fiber optic
35,25.4,949.8,Two year,No
2,54.85,104.2,Month-to-month,DSL
69,35.75,2492.25,One year,DSL
1,19.45,19.45,Month-to-month,No
6,50.05,288.35,Month-to-month,DSL
1,19.75,19.75,Month-to-month,No
43,26.45,1110.05,Two year,No
24,24.2,609.05,Two year,No
9,20.4,181.8,Month-to-month,No
23,96.9,2085.45,Month-to-month,Fiber optic
70,19.55,1462.05,Two year,No
12,78.95,927.35,Month-to-month,Fiber optic
46,72.8,3249.4,Month-to-month,Fiber optic
52,19.2,1054.75,Two year,No
72,24.3,1643.25,Two year,No
18,80.65,1451.9,Month-to-month,Fiber optic
16,68.25,1114.85,Two year,DSL
64,68.3,4378.8,Two year,DSL
2,46.6,87.9,Month-to-month,DSL
72,90.45,6565.85,Two year,Fiber optic
63,40.6,2588.95,One year,DSL
1,70.3,70.3,Month-to-month,Fiber optic
1,20.15,20.15,Month-to-month,No
59,34.8,1980.3,One year,DSL
51,80.75,4116.9,Month-to-month,Fiber optic
6,63.4,348.8,Two year,DSL
57,69.75,3894.4,Two year,DSL
46,100.25,4753.85,One year,Fiber optic
14,55.0,771.95,Month-to-month,DSL
11,53.75,608,Month-to-month,DSL
3,20.0,61.7,Month-to-month,No
40,63.9,2635,One year,DSL
33,79.0,2576.8,Month-to-month,Fiber optic
9,81.15,784.45,Month-to-month,Fiber optic
22,61.15,1422.05,Month-to-month,DSL
15,19.6,331.6,Two year,No
0,25.75, ,Two year,No
3,73.6,232.5,Month-to-month,Fiber optic
13,83.2,1060.6,Month-to-month,Fiber optic
21,20.0,417.7,Month-to-month,No
6,59.45,357.6,Month-to-month,DSL
8,75.6,535.55,Month-to-month,Fiber optic
3,50.5,147.75,Month-to-month,DSL
63,19.55,1245.6,Two year,No
50,19.85,943.1,One year,No
65,111.05,7107,Month-to-month,Fiber optic
44,73.85,3122.4,Month-to-month,Fiber optic
2,49.05,91.1,Month-to-month,DSL
10,79.95,857.2,Month-to-month,Fiber optic
47,100.05,4871.05,Month-to-month,Fiber optic
69,95.75,6511.25,One year,Fiber optic
25,34.0,853,Month-to-month,DSL
12,50.95,605.75,Month-to-month,DSL
72,25.0,1802.55,Two year,No
31,25.0,789.2,Month-to-month,DSL
1,69.4,69.4,Month-to-month,Fiber optic
26,47.85,1190.5,One year,DSL
8,83.55,680.05,Month-to-month,Fiber optic
35,94.55,3365.4,Month-to-month,Fiber optic
28,100.2,2688.45,One year,Fiber optic
21,104.55,2239.4,One year,Fiber optic
13,66.4,831.75,Month-to-month,DSL
72,98.65,7129.45,Two year,Fiber optic
1,44.4,44.4,Month-to-month,DSL
70,19.85,1433.8,Two year,No
3,63.6,155.65,Month-to-month,DSL
13,67.8,842.25,Month-to-month,DSL
67,116.1,7839.85,Two year,Fiber optic
48,70.55,3420.5,One year,DSL
41,104.4,4133.95,Month-to-month,Fiber optic
57,74.3,4166.35,Two year,DSL
1,44.95,44.95,Month-to-month,DSL
40,24.6,973.95,Two year,No
1,75.75,75.75,Month-to-month,Fiber optic
23,19.65,436.9,One year,No
44,61.5,2722.2,One year,DSL
9,79.35,661.25,Month-to-month,Fiber optic
29,80.15,2265.25,Month-to-month,Fiber optic
17,55.5,934.15,Month-to-month,DSL
26,59.45,1507,One year,DSL
44,70.95,3250.45,One year,DSL
36,106.05,3834.4,Two year,Fiber optic
68,83.65,5733.4,One year,Fiber optic
5,34.25,163.55,Month-to-month,DSL
51,97.8,4913.3,Month-to-month,Fiber optic
57,89.55,5012.35,Two year,DSL
72,67.2,4671.7,Two year,DSL
11,45.9,521.9,Month-to-month,DSL
3,58.7,168.6,Month-to-month,DSL
22,81.7,1820.9,Month-to-month,Fiber optic
59,20.6,1286,Two year,No
61,103.9,6449.15,One year,Fiber optic
59,82.95,4903.15,One year,Fiber optic
36,94.8,3565.65,Month-to-month,Fiber optic
5,20.25,109.8,Month-to-month,No
1,50.15,50.15,Month-to-month,DSL
12,73.3,828.05,Month-to-month,Fiber optic
1,20.65,20.65,Month-to-month,No
40,70.75,2921.75,One year,DSL
42,92.15,3875.4,Month-to-month,Fiber optic
69,19.7,1396.9,Two year,No
28,64.4,1802.15,Month-to-month,DSL
58,99.15,5720.95,One year,Fiber optic
71,116.25,8564.75,Two year,Fiber optic
70,80.6,5460.2,Two year,DSL
52,24.8,1229.1,Two year,No
18,25.55,467.85,Month-to-month,DSL
72,82.3,5980.55,Two year,DSL
18,49.4,874.8,Month-to-month,DSL
57,70.35,4124.65,Two year,DSL
27,56.7,1652.95,Month-to-month,DSL
24,104.65,2542.45,Month-to-month,Fiber optic
10,20.45,242.4,One year,No
72,24.9,1859.2,Two year,No
7,25.05,152.95,Month-to-month,No
54,70.7,3770,One year,DSL
44,85.15,3670.5,Month-to-month,Fiber optic
56,80.9,4557.5,One year,Fiber optic
1,19.55,19.55,Month-to-month,No
72,111.6,8012.75,Two year,Fiber optic
12,78.3,909.25,Month-to-month,Fiber optic
28,54.35,1426.45,One year,DSL
72,104.15,7303.05,One year,Fiber optic
5,50.35,237.25,Month-to-month,DSL
30,95.0,2852.4,Month-to-month,Fiber optic
22,100.65,2415.95,Month-to-month,Fiber optic
65,104.25,6812.95,Month-to-month,Fiber optic
49,84.5,3906.7,Month-to-month,Fiber optic
13,81.15,952.3,Month-to-month,Fiber optic
54,109.75,6110.2,Two year,Fiber optic
57,20.75,1123.15,Two year,No
1,44.15,44.15,Month-to-month,DSL
71,90.3,6287.3,Two year,DSL
1,48.45,48.45,Month-to-month,DSL
70,79.4,5528.9,One year,DSL
52,66.25,3330.1,Two year,DSL
56,90.55,5116.6,Month-to-month,Fiber optic
11,29.6,346.45,Month-to-month,DSL
5,19.95,107.05,Month-to-month,No
12,34.0,442.45,Month-to-month,DSL
6,91.1,455.3,Month-to-month,Fiber optic
2,79.75,159.4,Month-to-month,Fiber optic
50,103.05,5153.5,One year,Fiber optic
41,80.25,3439,Month-to-month,Fiber optic
68,86.5,5882.75,Two year,DSL
22,80.0,1706.45,Month-to-month,Fiber optic
51,106.8,5498.8,One year,Fiber optic
30,68.95,2038.7,One year,DSL
40,89.6,3488.15,One year,Fiber optic
65,99.35,6347.55,Two year,Fiber optic
68,19.5,1193.55,One year,No
10,59.65,638.95,Month-to-month,DSL
64,94.6,5948.7,Two year,Fiber optic
58,106.45,6145.85,One year,Fiber optic
15,19.5,239.75,One year,No
71,106.75,7283.25,Two year,Fiber optic
4,98.1,396.3,Month-to-month,Fiber optic
72,86.6,6350.5,Two year,DSL
25,94.7,2362.1,Month-to-month,Fiber optic
44,77.55,3471.1,One year,DSL
5,75.15,392.65,Month-to-month,DSL
33,44.55,1462.6,Month-to-month,DSL
1,49.9,49.9,Month-to-month,DSL
14,92.9,1337.45,Month-to-month,Fiber optic
20,20.35,442.6,Month-to-month,No
8,66.7,579,Month-to-month,DSL
3,29.8,94.4,Month-to-month,DSL
67,19.4,1284.2,Two year,No
72,87.55,6463.15,Two year,DSL
1,71.15,71.15,Month-to-month,Fiber optic
40,71.35,2847.2,Month-to-month,DSL
60,23.95,1506.4,One year,No
56,44.85,2564.95,Month-to-month,DSL
24,83.15,2033.05,One year,Fiber optic
72,68.4,4855.35,Two year,DSL
12,19.8,202.25,One year,No
52,44.25,2276.1,One year,DSL
4,25.15,99.95,Month-to-month,DSL
6,49.15,295.65,Month-to-month,DSL
6,47.95,305.1,Month-to-month,DSL
66,110.9,7432.05,One year,Fiber optic
71,19.45,1378.45,Two year,No
12,19.8,229.6,One year,No
3,74.4,229.55,Month-to-month,Fiber optic
13,56.0,764.55,Month-to-month,DSL
53,104.05,5566.4,Two year,Fiber optic
11,20.05,237.7,One year,No
13,85.95,1215.65,Month-to-month,Fiber optic
11,25.2,245.15,One year,No
12,99.7,1238.45,Month-to-month,Fiber optic
33,20.1,620.55,One year,No
63,19.35,1263.85,Two year,No
13,73.75,956.65,Month-to-month,Fiber optic
18,55.2,1058.1,Month-to-month,DSL
6,74.4,434.1,Month-to-month,Fiber optic
46,80.4,3605.2,Month-to-month,Fiber optic
10,79.85,887.35,Month-to-month,Fiber optic
34,70.0,2416.1,Month-to-month,Fiber optic
67,25.1,1672.15,Two year,No
4,74.4,299.7,Month-to-month,DSL
20,68.7,1416.2,One year,DSL
1,70.0,70,Month-to-month,Fiber optic
1,20.5,20.5,Month-to-month,No
14,75.35,1025.95,Month-to-month,Fiber optic
46,84.8,3958.85,Month-to-month,Fiber optic
14,69.2,944.65,Month-to-month,DSL
8,19.2,156.85,Month-to-month,No
8,45.15,438.4,Month-to-month,DSL
36,94.7,3512.5,Month-to-month,Fiber optic
5,79.9,343.95,Month-to-month,Fiber optic
22,51.1,1232.9,Month-to-month,DSL
42,33.55,1445.3,One year,DSL
6,19.55,122.9,Month-to-month,No
26,85.8,2193.65,Month-to-month,Fiber optic
57,39.3,2111.45,Month-to-month,DSL
42,80.45,3375.9,One year,DSL
1,79.65,79.65,Month-to-month,Fiber optic
16,91.55,1540.05,Month-to-month,Fiber optic
18,95.05,1679.4,Month-to-month,Fiber optic
22,69.75,1545.4,Month-to-month,DSL
56,24.45,1385.85,Two year,No
4,68.65,261.25,Month-to-month,DSL
26,19.3,504.2,One year,No
34,56.25,1765.95,Month-to-month,DSL
26,49.15,1237.3,Month-to-month,DSL
26,69.05,1815.65,Month-to-month,Fiber optic
32,101.35,3334.9,Month-to-month,Fiber optic
4,84.8,371.9,Month-to-month,Fiber optic
1,74.0,74,Month-to-month,Fiber optic
7,84.35,609.65,Month-to-month,Fiber optic
53,20.8,1021.8,One year,No
3,30.4,82.15,Month-to-month,DSL
67,19.95,1311.75,Two year,No
50,95.7,4729.75,Month-to-month,Fiber optic
1,19.65,19.65,Month-to-month,No
9,20.25,186.15,Month-to-month,No
2,44.6,80.55,Month-to-month,DSL
1,25.25,25.25,Month-to-month,DSL
43,104.3,4451.85,One year,Fiber optic
70,48.4,3442.8,Two year,DSL
71,19.8,1388.45,Two year,No
44,92.95,4122.9,Month-to-month,Fiber optic
2,70.7,140.7,Month-to-month,Fiber optic
4,77.95,305.55,Month-to-month,Fiber optic
3,55.1,154.65,Month-to-month,DSL
28,64.45,1867.6,Month-to-month,DSL
29,75.3,2263.4,Month-to-month,Fiber optic
1,70.05,70.05,Month-to-month,Fiber optic
9,99.45,919.4,Month-to-month,Fiber optic
71,108.05,7532.15,Two year,Fiber optic
41,73.0,3001.2,One year,DSL
56,100.3,5614.45,One year,Fiber optic
1,25.7,25.7,Month-to-month,DSL
52,39.1,1982.1,Two year,DSL
67,102.95,6886.25,Month-to-month,Fiber optic
29,19.4,554.25,Two year,No
42,67.7,2882.25,One year,DSL
16,50.15,762.25,Month-to-month,DSL
14,31.1,419.7,Month-to-month,DSL
18,74.7,1294.6,Month-to-month,Fiber optic
12,99.45,1200.15,Month-to-month,Fiber optic
39,19.9,791.15,One year,No
32,69.75,2347.9,Month-to-month,Fiber optic
62,43.7,2618.3,Two year,DSL
1,20.95,20.95,Month-to-month,No
45,62.7,2791.5,One year,DSL
16,80.55,1248.9,Month-to-month,Fiber optic
1,62.8,62.8,Month-to-month,DSL
72,92.0,6782.15,Two year,DSL
3,35.15,99.75,Month-to-month,DSL
29,58.0,1734.5,One year,DSL
15,19.65,332.65,One year,No
68,107.15,7379.8,One year,Fiber optic
0,56.05, ,Two year,DSL
22,85.35,1961.6,Month-to-month,Fiber optic
1,84.5,84.5,Month-to-month,Fiber optic
45,73.55,3349.1,Two year,DSL
26,88.8,2274.35,Month-to-month,Fiber optic
72,91.95,6614.9,Two year,DSL
67,111.3,7567.2,Two year,Fiber optic
10,95.25,1021.55,Month-to-month,Fiber optic
1,89.9,89.9,Month-to-month,Fiber optic
51,30.05,1529.45,Month-to-month,DSL
1,93.3,93.3,Month-to-month,Fiber optic
56,25.15,1327.15,Two year,No
72,95.9,6954.15,Two year,Fiber optic
10,24.0,226.55,Month-to-month,No
22,20.3,475.1,One year,No
5,20.55,96.1,Month-to-month,No
30,77.9,2351.45,Month-to-month,Fiber optic
44,53.95,2375.4,One year,DSL
18,101.3,1794.65,Month-to-month,Fiber optic
2,44.3,89.3,Month-to-month,DSL
54,44.1,2369.7,One year,DSL
1,94.4,94.4,Month-to-month,Fiber optic
70,20.35,1458.1,Two year,No
10,84.6,865.55,Month-to-month,Fiber optic
29,94.65,2649.15,Month-to-month,Fiber optic
9,100.5,918.6,Month-to-month,Fiber optic
60,84.95,4984.85,Two year,DSL
27,89.2,2383.6,Month-to-month,Fiber optic
42,19.35,867.3,Two year,No
64,91.8,5960.5,Month-to-month,Fiber optic
65,24.75,1715.1,Two year,No
2,70.15,123.8,Month-to-month,Fiber optic
68,44.95,3085.35,Month-to-month,DSL
70,113.0,7987.6,Two year,Fiber optic
52,72.95,3829.75,Month-to-month,Fiber optic
68,70.8,4859.95,Two year,DSL
70,19.45,1303.5,Two year,No
67,60.5,3870,One year,DSL
28,85.45,2289.9,Month-to-month,Fiber optic
24,84.85,2048.8,Month-to-month,Fiber optic
2,80.15,194.55,Month-to-month,Fiber optic
68,78.45,5333.35,One year,DSL
58,86.1,4890.5,Two year,DSL
25,104.95,2566.5,Month-to-month,Fiber optic
10,35.75,389.8,Month-to-month,DSL
56,99.75,5608.4,One year,Fiber optic
31,90.55,2929.75,Month-to-month,Fiber optic
63,19.5,1215.1,Two year,No
22,55.15,1193.05,One year,DSL
7,20.65,134.05,One year,No
40,55.8,2109.35,Month-to-month,DSL
54,79.85,4308.25,Month-to-month,Fiber optic
43,25.7,1188.2,Two year,No
3,91.5,242.95,Month-to-month,Fiber optic
14,78.85,1043.8,Month-to-month,Fiber optic
1,19.65,19.65,One year,No
68,84.65,5683.6,Month-to-month,Fiber optic
62,20.45,1297.35,Two year,No
63,90.45,5825.5,One year,Fiber optic
29,80.1,2211.8,Month-to-month,DSL
29,87.8,2621.75,Month-to-month,Fiber optic
23,44.95,996.85,Month-to-month,DSL
2,80.55,188.1,Month-to-month,Fiber optic
8,80.0,624.6,Month-to-month,Fiber optic
36,80.4,2937.65,Month-to-month,Fiber optic
66,104.9,6891.45,One year,Fiber optic
16,89.45,1430.25,Month-to-month,Fiber optic
0,61.9, ,Two year,DSL
65,85.75,5688.45,Month-to-month,Fiber optic
49,103.0,5166.2,One year,Fiber optic
9,91.75,865.8,Month-to-month,Fiber optic
29,85.8,2440.25,Month-to-month,Fiber optic
1,76.4,76.4,Month-to-month,Fiber optic
23,94.75,2293.6,Month-to-month,Fiber optic
72,84.05,6052.25,Two year,Fiber optic
65,19.55,1218.65,Two year,No
9,102.6,897.75,Month-to-month,Fiber optic
27,104.3,2867.75,Month-to-month,Fiber optic
71,56.45,3985.35,One year,DSL
24,19.7,494.05,Two year,No
64,25.65,1740.8,Two year,No
72,61.2,4390.25,Two year,DSL
58,82.5,4828.05,Two year,Fiber optic
17,54.6,934.8,One year,DSL
5,80.1,398.55,Month-to-month,Fiber optic
61,68.05,4158.25,Two year,DSL
69,87.3,6055.55,One year,Fiber optic
50,114.35,5791.1,One year,Fiber optic
45,24.65,1171.3,Two year,No
10,19.8,196.75,Month-to-month,No
29,84.45,2467.1,Month-to-month,Fiber optic
66,105.95,6975.25,One year,Fiber optic
12,20.05,264.55,Two year,No
58,24.35,1423.85,Two year,No
8,66.25,546.45,Month-to-month,DSL
54,24.05,1230.9,Two year,No
42,84.35,3571.6,Two year,DSL
38,99.25,3777.15,Month-to-month,Fiber optic
12,84.45,1059.55,Month-to-month,Fiber optic
14,80.05,1112.3,Month-to-month,Fiber optic
68,88.0,6161.9,Two year,DSL
9,76.85,663.55,Month-to-month,Fiber optic
6,83.55,477.55,Month-to-month,Fiber optic
67,90.6,6056.15,One year,Fiber optic
52,106.5,5621.85,One year,Fiber optic
40,80.0,3168.75,Month-to-month,Fiber optic
1,69.95,69.95,Month-to-month,Fiber optic
10,95.1,865.1,Month-to-month,Fiber optic
42,25.25,1108.2,Two year,No
20,71.3,1389.2,Month-to-month,Fiber optic
46,19.95,907.05,Two year,No
7,96.2,639.7,Month-to-month,Fiber optic
70,25.15,1790.15,Two year,No
66,102.4,6471.85,Two year,Fiber optic
16,90.8,1442.2,Month-to-month,Fiber optic
22,25.25,555.4,Two year,No
1,69.65,69.65,Month-to-month,Fiber optic
3,30.75,82.85,Month-to-month,DSL
11,55.6,580.8,Month-to-month,DSL
2,20.0,40.9,Month-to-month,No
17,93.85,1625.65,Month-to-month,Fiber optic
1,70.1,70.1,Month-to-month,Fiber optic
1,20.2,20.2,Month-to-month,No
1,44.0,44,Month-to-month,DSL
64,24.7,1642.75,One year,No
2,78.55,149.55,Month-to-month,Fiber optic
1,80.3,80.3,Month-to-month,Fiber optic
72,53.8,3952.45,Two year,DSL
72,116.95,8594.4,Two year,Fiber optic
67,67.85,4627.65,Two year,DSL
72,73.45,5329,Two year,DSL
65,108.8,7082.45,Month-to-month,Fiber optic
72,19.75,1567,Two year,No
20,89.4,1871.15,Month-to-month,Fiber optic
2,86.85,156.35,Month-to-month,Fiber optic
70,99.35,6944.5,Two year,Fiber optic
68,44.8,2983.65,One year,DSL
49,88.2,4159.45,Month-to-month,Fiber optic
68,54.1,3794.5,Two year,DSL
30,19.7,625.05,One year,No
34,64.35,2053.05,One year,DSL
58,99.25,5846.65,One year,Fiber optic
12,21.05,235.8,Month-to-month,No
19,55.0,1046.5,Month-to-month,DSL
24,89.55,2259.35,Month-to-month,Fiber optic
22,94.7,1914.9,Month-to-month,Fiber optic
59,93.85,5574.75,Month-to-month,Fiber optic
22,25.25,566.5,Two year,No
56,54.05,2959.8,One year,DSL
32,90.95,2897.95,Month-to-month,Fiber optic
1,19.2,19.2,Month-to-month,No
72,106.1,7848.5,One year,Fiber optic
70,76.1,5264.25,Two year,DSL
18,99.85,1776.95,Month-to-month,Fiber optic
70,79.15,5536.5,Two year,DSL
66,75.1,5013,One year,DSL
51,34.2,1782,Two year,DSL
6,19.85,138.85,Month-to-month,No
2,93.85,196.75,Month-to-month,Fiber optic
67,50.55,3260.1,Two year,DSL
3,55.35,165.2,Month-to-month,DSL
71,19.9,1355.1,Two year,No
17,56.1,946.95,One year,DSL
45,100.85,4740,Month-to-month,Fiber optic
8,19.75,145,One year,No
71,85.75,6223.8,Two year,DSL
68,86.45,5762.95,One year,Fiber optic
2,80.65,144.15,Month-to-month,Fiber optic
37,19.8,813.3,Two year,No
31,88.65,2683.2,Month-to-month,Fiber optic
64,103.5,6548.65,Month-to-month,Fiber optic
52,80.95,4233.95,Two year,DSL
54,65.25,3529.95,One year,DSL
42,74.15,3229.4,Month-to-month,Fiber optic
27,19.4,529.8,Month-to-month,No
5,80.7,374.8,Month-to-month,Fiber optic
71,84.2,5956.85,Two year,DSL
7,89.35,631.85,Month-to-month,Fiber optic
4,29.15,110.05,Month-to-month,DSL
9,59.9,542.4,Month-to-month,DSL
72,108.65,7726.35,Two year,Fiber optic
62,84.95,5150.55,Two year,DSL
71,23.9,1626.4,Two year,No
14,89.95,1178.4,Month-to-month,Fiber optic
2,70.35,120.25,Month-to-month,Fiber optic
48,103.85,4946.05,Month-to-month,Fiber optic
72,112.75,8192.6,Two year,Fiber optic
19,34.95,610.2,Month-to-month,DSL
18,50.3,908.75,Month-to-month,DSL
54,80.6,4299.95,Two year,DSL
33,107.55,3645.5,Month-to-month,Fiber optic
6,78.65,483.3,Month-to-month,DSL
57,49.9,2782.4,Month-to-month,DSL
17,20.5,365.8,One year,No
1,74.3,74.3,Month-to-month,Fiber optic
1,20.35,20.35,Two year,No
57,19.6,1170.55,Two year,No
1,19.7,19.7,Month-to-month,No
39,89.55,3474.45,One year,Fiber optic
33,68.25,2171.15,Month-to-month,Fiber optic
60,95.4,5812,One year,Fiber optic
24,93.15,2231.05,Month-to-month,Fiber optic
33,80.1,2603.3,One year,Fiber optic
70,105.55,7195.35,One year,Fiber optic
36,95.0,3440.25,Month-to-month,Fiber optic
72,108.5,8003.8,One year,Fiber optic
1,79.2,79.2,Month-to-month,Fiber optic
3,50.15,160.85,Month-to-month,DSL
1,20.0,20,Month-to-month,No
56,76.85,4275.75,Month-to-month,Fiber optic
66,95.3,6273.4,One year,Fiber optic
57,104.9,5913.95,Month-to-month,Fiber optic
62,84.45,4959.15,One year,Fiber optic
7,19.4,168.65,Month-to-month,No
24,54.15,1240.25,Month-to-month,DSL
60,19.95,1258.15,Two year,No
63,63.55,4014.2,Two year,DSL
55,103.65,5676.65,Month-to-month,Fiber optic
68,110.2,7467.5,Two year,Fiber optic
23,20.75,485.2,One year,No
28,74.9,2068.55,Month-to-month,Fiber optic
71,84.4,5969.3,Two year,DSL
64,20.05,1198.05,Two year,No
18,77.8,1358.6,Month-to-month,Fiber optic
6,89.75,552.65,Month-to-month,Fiber optic
9,85.05,746.5,Month-to-month,Fiber optic
18,90.1,1612.75,Month-to-month,Fiber optic
59,79.85,4786.1,One year,DSL
1,20.2,20.2,Month-to-month,No
71,100.45,7159.7,Two year,Fiber optic
12,78.1,947.3,Month-to-month,Fiber optic
17,96.65,1588.25,One year,Fiber optic
38,24.85,955.75,Month-to-month,DSL
22,20.15,419.9,One year,No
7,19.3,144.95,Month-to-month,No
71,71.1,5224.95,Two year,DSL
43,91.65,3954.1,Month-to-month,Fiber optic
17,25.1,382.8,Month-to-month,DSL
6,84.35,474.9,Month-to-month,Fiber optic
9,88.4,788.6,Month-to-month,Fiber optic
64,105.65,6903.1,One year,Fiber optic
72,79.35,5753.25,Two year,DSL
28,89.9,2433.5,Month-to-month,Fiber optic
5,80.6,415.55,Month-to-month,Fiber optic
72,84.3,5997.1,Two year,DSL
1,19.55,19.55,Month-to-month,No
51,29.45,1459.35,Month-to-month,DSL
35,95.5,3418.2,Month-to-month,Fiber optic
2,80.2,146.05,Month-to-month,Fiber optic
10,45.25,428.7,Month-to-month,DSL
30,82.05,2570.2,Month-to-month,Fiber optic
43,50.2,2169.4,Month-to-month,DSL
35,100.25,3527.6,Month-to-month,Fiber optic
27,19.15,501.35,One year,No
53,90.8,4921.2,Month-to-month,Fiber optic
27,70.55,1943.9,Month-to-month,Fiber optic
72,109.25,8109.8,One year,Fiber optic
3,24.75,66.95,Month-to-month,DSL
45,87.25,3941.7,Month-to-month,Fiber optic
67,94.1,6302.8,Two year,Fiber optic
49,99.4,5025,Month-to-month,Fiber optic
2,19.65,31.2,Month-to-month,No
1,45.1,45.1,Month-to-month,DSL
38,81.85,3141.7,Month-to-month,Fiber optic
3,95.1,307.4,Month-to-month,Fiber optic
13,45.55,597,Month-to-month,DSL
25,95.15,2395.7,Month-to-month,Fiber optic
50,104.4,5232.9,One year,Fiber optic
2,59.5,130.5,Two year,DSL
16,86.6,1281,Month-to-month,Fiber optic
60,110.0,6668.35,Two year,Fiber optic
68,105.75,7322.5,One year,Fiber optic
43,33.45,1500.25,Month-to-month,DSL
17,66.7,1077.05,Month-to-month,DSL
56,80.3,4513.65,Two year,Fiber optic
1,40.1,40.1,Month-to-month,DSL
72,118.75,8672.45,Two year,Fiber optic
15,19.9,320.45,Month-to-month,No
30,25.35,723.3,One year,No
22,39.2,849.9,Month-to-month,DSL
48,102.5,4904.25,Two year,Fiber optic
5,69.35,341.6,Month-to-month,Fiber optic
19,20.5,398.55,Two year,No
28,54.3,1546.3,One year,DSL
54,65.3,3512.9,Two year,DSL
24,70.0,1732.6,Month-to-month,Fiber optic
39,19.35,779.2,One year,No
28,19.55,543.8,Month-to-month,No
18,73.55,1359.45,Month-to-month,Fiber optic
33,93.35,3092,Month-to-month,Fiber optic
43,85.1,3662.25,One year,DSL
71,77.55,5574.35,Two year,DSL
11,44.05,483.7,Month-to-month,DSL
16,49.45,799,Month-to-month,DSL
3,76.1,257.6,Month-to-month,Fiber optic
63,67.25,4234.15,Two year,DSL
18,20.25,401.95,Month-to-month,No
64,111.45,7266.95,One year,Fiber optic
53,54.9,3045.75,One year,DSL
47,20.15,1046.2,Two year,No
24,70.3,1706.45,Month-to-month,DSL
22,40.05,880.2,Month-to-month,DSL
1,19.9,19.9,Month-to-month,No
12,98.9,1120.95,Month-to-month,Fiber optic
43,75.2,3198.6,Month-to-month,Fiber optic
20,88.7,1761.45,Month-to-month,Fiber optic
24,101.25,2440.15,Month-to-month,Fiber optic
48,19.95,936.7,One year,No
62,70.75,4263.45,One year,DSL
17,55.85,937.5,One year,DSL
23,30.35,678.75,Month-to-month,DSL
66,92.15,6056.9,One year,Fiber optic
56,24.95,1468.9,Two year,No
20,82.4,1592.35,Month-to-month,Fiber optic
0,19.85, ,Two year,No
7,79.3,523.15,Month-to-month,Fiber optic
10,45.8,436.2,Month-to-month,DSL
25,79.0,1902,Month-to-month,DSL
19,88.2,1775.8,Month-to-month,Fiber optic
1,54.3,54.3,Month-to-month,DSL
34,24.95,894.3,Two year,No
15,79.75,1111.85,Month-to-month,Fiber optic
72,114.55,8306.05,Two year,Fiber optic
54,60.0,3273.95,Two year,DSL
55,56.8,3112.05,Two year,DSL
23,98.7,2249.1,Month-to-month,Fiber optic
68,100.2,6851.65,Month-to-month,Fiber optic
29,76.0,2215.25,Month-to-month,Fiber optic
40,20.15,777.35,Two year,No
12,84.5,916.9,Month-to-month,Fiber optic
5,96.55,500.1,Month-to-month,Fiber optic
9,58.5,539.85,Month-to-month,DSL
63,104.5,6590.8,One year,Fiber optic
1,51.25,51.25,Month-to-month,DSL
43,55.55,2342.2,Month-to-month,DSL
71,109.25,7707.7,Two year,Fiber optic
2,46.05,80.35,Month-to-month,DSL
25,102.8,2660.2,Month-to-month,Fiber optic
24,20.4,482.8,One year,No
6,20.65,109.3,Month-to-month,No
